anio,region,sector_principal_region,sector_principal_huelgas,sector_principal_trabajadores,sector_principal_horas,huelgas_region_total,trabajadores_region_total,horas_region_total,participacion_sector_principal_huelgas
2001,arequipa,constru_ccion,1.0,257.0,2056.0,1.0,257.0,2056.0,1.0
2001,callao,constru_ccion,1.0,19.0,912.0,1.0,19.0,912.0,1.0
2001,chiclayo,industria_manu_facturera,4.0,2346.0,75288.0,5.0,3633.0,281256.0,0.8
2001,chimbote,constru_ccion,1.0,19.0,152.0,1.0,19.0,152.0,1.0
2001,cusco,constru_ccion,0.0,25.0,200.0,0.0,25.0,200.0,
2001,huacho,agricultura,1.0,16.0,1648.0,1.0,16.0,1648.0,1.0
2001,huancavelica,mineria,1.0,248.0,7936.0,1.0,248.0,7936.0,1.0
2001,huanuco,mineria,1.0,46.0,5520.0,1.0,46.0,5520.0,1.0
2001,la_oroya,mineria,1.0,665.0,10640.0,1.0,665.0,10640.0,1.0
2001,lima_provincia,mineria,4.0,503.0,37528.0,13.0,1315.0,74618.0,0.3076923076923077
2001,paita,industria_manu_facturera,1.0,320.0,2560.0,2.0,349.0,2792.0,0.5
2001,pasco,mineria,7.0,592.0,7848.0,8.0,1042.0,22248.0,0.875
2001,piura,constru_ccion,2.0,274.0,11080.0,3.0,678.0,14312.0,0.6666666666666666
2001,trujillo,industria_manu_facturera,1.0,2671.0,64104.0,2.0,2738.0,64640.0,0.5
2002,abancay,constru_ccion,1.0,949.0,27328.0,1.0,949.0,27328.0,1.0
2002,arequipa,electricidad_agua,1.0,121.0,968.0,1.0,882.0,40832.0,1.0
2002,ayacucho,transporte,0.0,2.0,192.0,0.0,2.0,192.0,
2002,cajamarca,transporte,0.0,5.0,1792.0,0.0,5.0,1792.0,
2002,callao,transporte,6.0,255.0,2520.0,6.0,255.0,2520.0,1.0
2002,camana,mineria,1.0,70.0,1120.0,1.0,70.0,1120.0,1.0
2002,chachapoyas,transporte,0.0,2.0,32.0,0.0,2.0,32.0,
2002,chiclayo,industria_manu_facturera,2.0,635.0,18200.0,4.0,733.0,19952.0,0.5
2002,chimbote,transporte,2.0,1309.0,15684.0,4.0,1780.0,20028.0,0.5
2002,cusco,constru_ccion,0.0,233.0,7456.0,0.0,236.0,7488.0,
2002,huacho,constru_ccion,1.0,157.0,1256.0,1.0,160.0,1296.0,1.0
2002,huancavelica,mineria,1.0,199.0,4776.0,1.0,201.0,5336.0,1.0
2002,huancayo,constru_ccion,0.0,91.0,2912.0,0.0,113.0,10280.0,
2002,huanuco,transporte,0.0,5.0,184.0,0.0,5.0,184.0,
2002,huaraz,transporte,0.0,16.0,4720.0,0.0,16.0,4720.0,
2002,ica,mineria,2.0,1006.0,108376.0,2.0,1021.0,108856.0,1.0
2002,iquitos,constru_ccion,0.0,75.0,2400.0,0.0,75.0,2400.0,
2002,juliaca,transporte,0.0,3.0,2360.0,0.0,3.0,2360.0,
2002,la_oroya,inmobiliario,8.0,682.0,16368.0,14.0,2630.0,94944.0,0.5714285714285714
2002,lima_provincia,industria_manu_facturera,3.0,312.0,3520.0,6.0,2297.0,175104.0,0.5
2002,mollendo,industria_manu_facturera,1.0,429.0,24024.0,1.0,679.0,26024.0,1.0
2002,moquegua,transporte,0.0,6.0,56.0,0.0,6.0,56.0,
2002,paita,transporte,1.0,46.0,368.0,1.0,46.0,368.0,1.0
2002,pasco,mineria,7.0,3728.0,158280.0,7.0,3730.0,158360.0,1.0
2002,pisco,industria_manu_facturera,1.0,179.0,28640.0,1.0,179.0,28640.0,1.0
2002,piura,constru_ccion,0.0,116.0,3712.0,0.0,134.0,9532.0,
2002,pucallpa,constru_ccion,0.0,141.0,4512.0,0.0,145.0,6808.0,
2002,puno,electricidad_agua,1.0,70.0,560.0,1.0,76.0,2568.0,1.0
2002,quillabamba,inmobiliario,1.0,960.0,23040.0,1.0,960.0,23040.0,1.0
2002,sullana,constru_ccion,1.0,171.0,1368.0,1.0,171.0,1368.0,1.0
2002,tacna,mineria,2.0,425.0,23368.0,2.0,581.0,28272.0,1.0
2002,talara,mineria,1.0,290.0,2320.0,1.0,290.0,2320.0,1.0
2002,tarapoto,transporte,0.0,14.0,4256.0,0.0,14.0,4256.0,
2002,trujillo,industria_manu_facturera,3.0,2028.0,61488.0,4.0,2211.0,76128.0,0.75
2002,tumbes,transporte,0.0,2.0,16.0,0.0,2.0,16.0,
2003,abancay,construccion,0.0,201.0,6032.0,0.0,201.0,6032.0,
2003,arequipa,administra_publica_y_defensa,1.0,354.0,2832.0,3.0,1075.0,19520.0,0.3333333333333333
2003,ayacucho,inmobiliario,1.0,2100.0,33600.0,1.0,3732.0,84208.0,1.0
2003,callao,manufactura,21.0,9099.0,163368.0,68.0,37323.0,881362.0,0.3088235294117647
2003,canete,construccion,1.0,236.0,3776.0,1.0,236.0,3776.0,1.0
2003,cerro_de_pasco,mineria,1.0,230.0,3680.0,1.0,1155.0,31656.0,1.0
2003,chachapoyas,construccion,1.0,194.0,4656.0,1.0,194.0,4656.0,1.0
2003,chiclayo,manufactura,11.0,2666.0,51040.0,13.0,3294.0,56064.0,0.8461538461538461
2003,chimbote,transporte,3.0,91.0,534.0,4.0,372.0,5006.0,0.75
2003,cusco,electricidad_agua,2.0,274.0,822.0,3.0,498.0,4958.0,0.6666666666666666
2003,huanuco,construccion,0.0,48.0,384.0,0.0,48.0,384.0,
2003,ica,mineria,1.0,904.0,36160.0,2.0,1911.0,74656.0,0.5
2003,ilo,transporte,1.0,65.0,520.0,1.0,65.0,520.0,1.0
2003,iquitos,construccion,0.0,268.0,8576.0,0.0,268.0,8576.0,
2003,la_oroya,mineria,1.0,266.0,2128.0,1.0,266.0,2128.0,1.0
2003,lima_provincia,manufactura,4.0,204.0,26496.0,12.0,13597.0,452104.0,0.3333333333333333
2003,moquegua,construccion,0.0,258.0,2064.0,0.0,258.0,2064.0,
2003,paita,transporte,1.0,81.0,648.0,2.0,97.0,776.0,0.5
2003,piura,administra_publica_y_defensa,3.0,323.0,2584.0,7.0,1252.0,15352.0,0.42857142857142855
2003,pucallpa,construccion,0.0,18.0,144.0,0.0,18.0,144.0,
2003,sicuani,manufactura,1.0,166.0,1328.0,1.0,166.0,1328.0,1.0
2003,sub_total,manufactura,14.0,2987.0,53608.0,26.0,11507.0,256366.0,0.5384615384615384
2003,sullana,electricidad_agua,1.0,82.0,656.0,1.0,82.0,656.0,1.0
2003,tacna,salud_social,1.0,21.0,336.0,1.0,76.0,1616.0,1.0
2003,talara,electricidad_agua,1.0,100.0,800.0,1.0,100.0,800.0,1.0
2003,tarapoto,construccion,0.0,19.0,600.0,0.0,19.0,600.0,
2003,trujillo,manufactura,3.0,5908.0,83264.0,6.0,6336.0,90888.0,0.5
2004,abancay,salud_social,0.0,3.0,24.0,0.0,3.0,24.0,
2004,arequipa,electricidad_agua,4.0,354.0,2832.0,6.0,670.0,6208.0,0.6666666666666666
2004,ayacucho,salud_social,0.0,4.0,32.0,0.0,5.0,40.0,
2004,cajamarca,salud_social,0.0,4.0,32.0,0.0,6.0,48.0,
2004,callao,manufactura,26.0,7208.0,283040.0,107.0,29273.0,582328.0,0.24299065420560748
2004,cerro_de_pasco,mineria,3.0,889.0,13376.0,3.0,894.0,13416.0,1.0
2004,chachapoyas,otros_servicios,1.0,112.0,896.0,1.0,116.0,960.0,1.0
2004,chiclayo,manufactura,7.0,3702.0,127712.0,10.0,4663.0,135400.0,0.7
2004,chimbote,electricidad_agua,4.0,1189.0,11272.0,9.0,2673.0,37160.0,0.4444444444444444
2004,cusco,manufactura,0.0,96.0,1152.0,0.0,135.0,1464.0,
2004,huancavelica,salud_social,0.0,6.0,48.0,0.0,9.0,72.0,
2004,huancayo,salud_social,2.0,433.0,3576.0,2.0,433.0,3576.0,1.0
2004,huanuco,salud_social,0.0,17.0,176.0,0.0,17.0,176.0,
2004,huaraz,transporte,0.0,1.0,16.0,0.0,1.0,16.0,
2004,ica,mineria,3.0,2012.0,74752.0,7.0,2593.0,81368.0,0.42857142857142855
2004,iquitos,salud_social,0.0,6.0,48.0,0.0,6.0,48.0,
2004,la_oroya,mineria,8.0,4196.0,64784.0,8.0,4196.0,64784.0,1.0
2004,lima_provincia,manufactura,10.0,1752.0,106720.0,21.0,5151.0,138560.0,0.47619047619047616
2004,moquegua,mineria,2.0,867.0,13880.0,2.0,872.0,13920.0,1.0
2004,paita,manufactura,2.0,288.0,9280.0,2.0,288.0,9280.0,1.0
2004,piura,electricidad_agua,2.0,250.0,2000.0,6.0,633.0,6504.0,0.3333333333333333
2004,pucallpa,transporte,0.0,10.0,80.0,0.0,14.0,144.0,
2004,puerto_maldonado,salud_social,0.0,2.0,32.0,0.0,2.0,32.0,
2004,puno,salud_social,0.0,6.0,48.0,0.0,7.0,64.0,
2004,sullana,administra_publica_y_defensa,2.0,319.0,2552.0,2.0,319.0,2552.0,1.0
2004,tacna,mineria,2.0,671.0,7960.0,3.0,749.0,8584.0,0.6666666666666666
2004,talara,construccion,2.0,98.0,784.0,3.0,227.0,1816.0,0.6666666666666666
2004,trujillo,electricidad_agua,2.0,212.0,1696.0,5.0,616.0,6472.0,0.4
2004,tumbes,administra_publica_y_defensa,3.0,86.0,688.0,3.0,92.0,760.0,1.0
2005,abancay,salud_social,0.0,26.0,1456.0,0.0,26.0,1456.0,
2005,arequipa,transporte,1.0,72.0,576.0,1.0,423.0,18736.0,1.0
2005,ayacucho,salud_social,0.0,42.0,2352.0,0.0,42.0,2352.0,
2005,cajamarca,salud_social,1.0,66.0,2736.0,2.0,112.0,3104.0,0.5
2005,callao,transporte,2.0,732.0,12368.0,3.0,1575.0,44176.0,0.6666666666666666
2005,camana,mineria,1.0,191.0,1528.0,1.0,191.0,1528.0,1.0
2005,cerro_de_pasco,mineria,3.0,1268.0,58888.0,3.0,1315.0,61592.0,1.0
2005,chachapoyas,salud_social,0.0,12.0,744.0,0.0,12.0,744.0,
2005,chiclayo,manufactura,2.0,3973.0,32208.0,5.0,4836.0,64528.0,0.4
2005,chimbote,construccion,2.0,64.0,3168.0,4.0,445.0,7606.0,0.5
2005,cusco,salud_social,0.0,245.0,14416.0,0.0,292.0,15168.0,
2005,huacho,mineria,1.0,87.0,1384.0,1.0,87.0,1384.0,1.0
2005,huancavelica,salud_social,0.0,22.0,1232.0,0.0,22.0,1232.0,
2005,huancayo,electricidad_agua,1.0,52.0,416.0,1.0,109.0,4088.0,1.0
2005,huanuco,salud_social,0.0,89.0,2872.0,0.0,89.0,2872.0,
2005,huaraz,administra_publica_y_defensa,0.0,0.0,0.0,0.0,0.0,0.0,
2005,ica,mineria,1.0,435.0,13904.0,3.0,922.0,40960.0,0.3333333333333333
2005,iquitos,salud_social,0.0,134.0,5592.0,0.0,134.0,5592.0,
2005,la_oroya,mineria,2.0,1137.0,40248.0,3.0,1158.0,41256.0,0.6666666666666666
2005,lima_provincia,salud_social,6.0,2211.0,77504.0,17.0,4169.0,96488.0,0.35294117647058826
2005,moquegua,construccion,1.0,800.0,12800.0,1.0,836.0,14888.0,1.0
2005,paita,electricidad_agua,1.0,74.0,592.0,2.0,111.0,888.0,0.5
2005,piura,administra_publica_y_defensa,2.0,450.0,10208.0,6.0,1005.0,22184.0,0.3333333333333333
2005,pucallpa,salud_social,0.0,28.0,1568.0,0.0,28.0,1568.0,
2005,puerto_maldonado,salud_social,0.0,12.0,672.0,0.0,12.0,672.0,
2005,puno,salud_social,0.0,24.0,1440.0,0.0,24.0,1440.0,
2005,sullana,electricidad_agua,1.0,72.0,576.0,1.0,72.0,576.0,1.0
2005,tacna,salud_social,1.0,118.0,3844.0,1.0,118.0,3844.0,1.0
2005,talara,mineria,2.0,66.0,528.0,4.0,145.0,1576.0,0.5
2005,tarapoto,salud_social,0.0,12.0,672.0,0.0,12.0,672.0,
2005,trujillo,electricidad_agua,3.0,361.0,5856.0,5.0,638.0,14448.0,0.6
2005,tumbes,electricidad_agua,1.0,49.0,392.0,1.0,62.0,1120.0,1.0
2006,arequipa,electricidad_agua,2.0,203.0,1624.0,3.0,637.0,8568.0,0.6666666666666666
2006,cajamarca,mineria,1.0,101.0,808.0,1.0,101.0,808.0,1.0
2006,callao,transporte,5.0,2849.0,23672.0,7.0,2950.0,25288.0,0.7142857142857143
2006,camana,mineria,1.0,161.0,2576.0,1.0,161.0,2576.0,1.0
2006,chiclayo,administra_publica_y_defensa,2.0,775.0,6200.0,4.0,914.0,7312.0,0.5
2006,chimbote,transporte,4.0,1208.0,53522.0,6.0,1590.0,57346.0,0.6666666666666666
2006,huacho,construccion,1.0,49.0,1960.0,1.0,49.0,1960.0,1.0
2006,huancavelica,mineria,1.0,947.0,15152.0,1.0,947.0,15152.0,1.0
2006,ica,inmobiliario,6.0,1081.0,56048.0,7.0,1774.0,104240.0,0.8571428571428571
2006,ilo,transporte,2.0,421.0,5640.0,3.0,451.0,9240.0,0.6666666666666666
2006,iquitos,manufactura,1.0,111.0,1776.0,2.0,191.0,2416.0,0.5
2006,la_oroya,mineria,1.0,170.0,8168.0,1.0,170.0,8168.0,1.0
2006,lima_provincia,electricidad_agua,2.0,3159.0,25272.0,8.0,3899.0,30688.0,0.25
2006,mollendo,manufactura,1.0,428.0,6848.0,1.0,428.0,6848.0,1.0
2006,paita,transporte,0.0,86.0,512.0,0.0,86.0,512.0,
2006,piura,electricidad_agua,5.0,1847.0,12246.0,12.0,2211.0,29758.0,0.4166666666666667
2006,sullana,comercio,1.0,280.0,2240.0,3.0,371.0,3696.0,0.3333333333333333
2006,tacna,electricidad_agua,1.0,58.0,464.0,1.0,58.0,464.0,1.0
2006,trujillo,inmobiliario,1.0,2306.0,129136.0,5.0,2577.0,131544.0,0.2
2007,arequipa,mineria,3.0,1626.0,39584.0,3.0,1626.0,39584.0,1.0
2007,ayacucho,mineria,0.0,45.0,360.0,0.0,45.0,360.0,
2007,cajamarca,mineria,0.0,109.0,1744.0,0.0,109.0,1744.0,
2007,callao,transporte,6.0,1894.0,74816.0,6.0,1894.0,74816.0,1.0
2007,chiclayo,manufactura,2.0,567.0,8624.0,4.0,632.0,10088.0,0.5
2007,chimbote,construccion,4.0,148.0,11512.0,9.0,1346.0,29928.0,0.4444444444444444
2007,chincha,manufactura,1.0,48.0,1152.0,1.0,48.0,1152.0,1.0
2007,huacho,administra_publica_y_defensa,1.0,75.0,600.0,1.0,75.0,600.0,1.0
2007,huancavelica,mineria,0.0,448.0,11968.0,0.0,448.0,11968.0,
2007,huancayo,transporte,1.0,74.0,5328.0,1.0,224.0,10128.0,1.0
2007,huanuco,mineria,2.0,3713.0,212152.0,2.0,3713.0,212152.0,1.0
2007,huaraz,mineria,1.0,130.0,1040.0,1.0,130.0,1040.0,1.0
2007,ica,mineria,2.0,3243.0,130184.0,4.0,3412.0,132688.0,0.5
2007,ilo,mineria,2.0,3470.0,138232.0,3.0,3500.0,138472.0,0.6666666666666666
2007,la_oroya,mineria,1.0,1489.0,33464.0,1.0,1489.0,33464.0,1.0
2007,lima_provincia,mineria,9.0,16444.0,1172176.0,16.0,17064.0,1188128.0,0.5625
2007,moquegua,mineria,3.0,2450.0,108296.0,3.0,2450.0,108296.0,1.0
2007,paita,transporte,1.0,35.0,280.0,1.0,35.0,280.0,1.0
2007,pasco,mineria,3.0,5173.0,70368.0,3.0,5173.0,70368.0,1.0
2007,piura,construccion,3.0,130.0,3240.0,6.0,518.0,8664.0,0.5
2007,puno,mineria,0.0,630.0,15360.0,0.0,630.0,15360.0,
2007,sullana,administra_publica_y_defensa,1.0,152.0,1216.0,1.0,152.0,1216.0,1.0
2007,tacna,mineria,2.0,2024.0,107728.0,2.0,2024.0,107728.0,1.0
2007,trujillo,agricultura,2.0,800.0,6400.0,3.0,907.0,7256.0,0.6666666666666666
2007,tumbes,construccion,2.0,452.0,11040.0,2.0,452.0,11040.0,1.0
2008,arequipa,mineria,4.0,1857.0,99568.0,7.0,2001.0,102400.0,0.5714285714285714
2008,ayacucho,mineria,1.0,57.0,2736.0,1.0,57.0,2736.0,1.0
2008,callao,transporte,3.0,710.0,7992.0,5.0,876.0,10648.0,0.6
2008,camana,mineria,3.0,894.0,21456.0,3.0,894.0,21456.0,1.0
2008,chiclayo,construccion,2.0,60.0,480.0,3.0,180.0,1440.0,0.6666666666666666
2008,chimbote,transporte,0.0,53.0,424.0,0.0,53.0,424.0,
2008,huancavelica,mineria,2.0,1380.0,22080.0,2.0,1380.0,22080.0,1.0
2008,huancayo,inmobiliario,1.0,57.0,1368.0,1.0,57.0,1368.0,1.0
2008,huanuco,mineria,5.0,2450.0,106800.0,5.0,2450.0,106800.0,1.0
2008,ica,mineria,1.0,656.0,41984.0,2.0,769.0,44696.0,0.5
2008,ilo,transporte,0.0,31.0,248.0,0.0,31.0,248.0,
2008,iquitos,transporte,0.0,14.0,112.0,0.0,14.0,112.0,
2008,la_oroya,mineria,9.0,3694.0,145824.0,9.0,3694.0,145824.0,1.0
2008,lima_provincia,mineria,8.0,14628.0,777448.0,16.0,17622.0,839432.0,0.5
2008,paita,transporte,0.0,36.0,288.0,0.0,36.0,288.0,
2008,pasco,mineria,4.0,1246.0,110336.0,4.0,1246.0,110336.0,1.0
2008,pisco,transporte,0.0,29.0,232.0,0.0,29.0,232.0,
2008,talara,mineria,1.0,274.0,2192.0,1.0,274.0,2192.0,1.0
2008,trujillo,mineria,1.0,1000.0,88000.0,2.0,1831.0,101048.0,0.5
2008,tumbes,construccion,2.0,517.0,7200.0,2.0,517.0,7200.0,1.0
2009,abancay,mineria,1.0,1200.0,38400.0,2.0,1217.0,38944.0,0.5
2009,arequipa,mineria,4.0,2148.0,80352.0,8.0,2948.0,174704.0,0.5
2009,ayacucho,mineria,2.0,1800.0,50400.0,2.0,1800.0,50400.0,1.0
2009,callao,transporte,2.0,1294.0,16688.0,3.0,1326.0,17200.0,0.6666666666666666
2009,camana,mineria,2.0,910.0,18256.0,2.0,910.0,18256.0,1.0
2009,canete,mineria,1.0,170.0,2720.0,1.0,170.0,2720.0,1.0
2009,chiclayo,construccion,5.0,822.0,18336.0,12.0,3232.0,39072.0,0.4166666666666667
2009,chimbote,construccion,5.0,158.0,4064.0,9.0,2135.0,65384.0,0.5555555555555556
2009,huacho,adm_publica,0.0,0.0,0.0,0.0,0.0,0.0,
2009,huancavelica,mineria,1.0,329.0,18424.0,1.0,329.0,18424.0,1.0
2009,huancayo,adm_publica,1.0,27.0,440.0,2.0,36.0,712.0,0.5
2009,huanuco,mineria,4.0,3540.0,423680.0,4.0,3540.0,423680.0,1.0
2009,huaraz,construccion,1.0,41.0,328.0,1.0,41.0,328.0,1.0
2009,ica,mineria,4.0,3817.0,242024.0,4.0,3817.0,242024.0,1.0
2009,la_oroya,mineria,2.0,865.0,25040.0,2.0,865.0,25040.0,1.0
2009,lima_provincia,manufactura,9.0,739.0,49288.0,19.0,3646.0,111744.0,0.47368421052631576
2009,otros,mineria,1.0,2179.0,34856.0,2.0,2364.0,36336.0,0.5
2009,paita,manufactura,2.0,146.0,1168.0,4.0,228.0,1824.0,0.5
2009,pasco,mineria,4.0,1618.0,47624.0,4.0,1618.0,47624.0,1.0
2009,san_ramon,mineria,2.0,362.0,5792.0,2.0,362.0,5792.0,1.0
2009,sullana,manufactura,1.0,140.0,53760.0,1.0,140.0,53760.0,1.0
2009,talara,mineria,1.0,93.0,1480.0,3.0,212.0,2258.0,0.3333333333333333
2009,trujillo,agricultura,3.0,2488.0,19904.0,9.0,4713.0,60448.0,0.3333333333333333
2010,abancay,transporte,0.0,11.0,264.0,0.0,11.0,264.0,
2010,arequipa,mineria,6.0,3866.0,116424.0,12.0,4764.0,161712.0,0.5
2010,callao,transporte,0.0,25.0,600.0,0.0,25.0,600.0,
2010,camana,mineria,1.0,387.0,6192.0,1.0,387.0,6192.0,1.0
2010,canete,mineria,1.0,235.0,9400.0,1.0,235.0,9400.0,1.0
2010,chachapoyas,transporte,0.0,6.0,144.0,0.0,6.0,144.0,
2010,chiclayo,electricidad_agua,1.0,522.0,8352.0,1.0,556.0,9168.0,1.0
2010,chimbote,construccion,2.0,60.0,1232.0,3.0,314.0,7328.0,0.6666666666666666
2010,cusco,transporte,1.0,94.0,2880.0,1.0,94.0,2880.0,1.0
2010,huacho,mineria,6.0,3658.0,128116.0,6.0,3674.0,128500.0,1.0
2010,huamachuco,mineria,1.0,418.0,23408.0,1.0,418.0,23408.0,1.0
2010,huancavelica,mineria,3.0,430.0,37360.0,5.0,1370.0,84080.0,0.6
2010,huancayo,construccion,1.0,26.0,1040.0,1.0,66.0,2272.0,1.0
2010,huaraz,transporte,0.0,23.0,552.0,0.0,23.0,552.0,
2010,ica,mineria,4.0,2721.0,164208.0,4.0,2785.0,165936.0,1.0
2010,iquitos,transporte,0.0,29.0,984.0,0.0,29.0,984.0,
2010,la_oroya,manufactura,3.0,1859.0,74360.0,3.0,1859.0,74360.0,1.0
2010,lima_provincia,manufactura,12.0,1805.0,42288.0,29.0,8599.0,166768.0,0.41379310344827586
2010,moquegua,administra_publica_y_defensa,0.0,0.0,0.0,0.0,0.0,192.0,
2010,pasco,mineria,7.0,1807.0,50888.0,7.0,1810.0,50960.0,1.0
2010,piura,transporte,0.0,37.0,888.0,0.0,37.0,888.0,
2010,pucallpa,transporte,0.0,10.0,240.0,0.0,10.0,240.0,
2010,puerto_maldonado,transporte,0.0,2.0,48.0,0.0,2.0,48.0,
2010,puno,transporte,0.0,6.0,144.0,0.0,6.0,144.0,
2010,san_ramon,mineria,1.0,230.0,7360.0,1.0,230.0,7360.0,1.0
2010,tacna,transporte,0.0,12.0,288.0,0.0,12.0,288.0,
2010,talara,transporte,2.0,1308.0,154528.0,4.0,1515.0,180304.0,0.5
2010,tarapoto,manufactura,1.0,89.0,14128.0,1.0,98.0,14344.0,1.0
2010,trujillo,manufactura,1.0,1337.0,149744.0,2.0,1655.0,179872.0,0.5
2010,tumbes,transporte,0.0,8.0,192.0,0.0,8.0,192.0,
2011,ancash_chimbote,manufactura,3.0,1004.0,64256.0,6.0,1139.0,67880.0,0.5
2011,arequipa_arequipa,mineria,6.0,3350.0,377964.0,11.0,3944.0,416680.0,0.5454545454545454
2011,callao_callao,transporte,4.0,341.0,9144.0,5.0,573.0,19080.0,0.8
2011,camana,manufactura,1.0,330.0,10560.0,1.0,330.0,10560.0,1.0
2011,canete,transporte,0.0,4.0,288.0,0.0,4.0,288.0,
2011,cusco_cusco,manufactura,0.0,127.0,10008.0,0.0,127.0,10008.0,
2011,huancavelica_huancavelica,mineria,1.0,350.0,8400.0,1.0,350.0,8400.0,1.0
2011,ica_ica,mineria,1.0,1127.0,198352.0,1.0,1127.0,198352.0,1.0
2011,junin_huancayo,manufactura,0.0,16.0,256.0,0.0,30.0,1264.0,
2011,la_libertad_trujillo,manufactura,0.0,106.0,8176.0,0.0,131.0,9976.0,
2011,la_oroya,mineria,6.0,589.0,11064.0,7.0,2128.0,23376.0,0.8571428571428571
2011,lambayeque_chiclayo,construccion,3.0,307.0,5656.0,3.0,447.0,15736.0,1.0
2011,lima_huacho,mineria,4.0,2736.0,310800.0,5.0,2886.0,312000.0,0.8
2011,lima_metropolitana_lima_metropolitana,manufactura,12.0,1388.0,101132.0,27.0,9020.0,543184.0,0.4444444444444444
2011,pasco_cerro_de_pasco,mineria,6.0,968.0,35464.0,7.0,1104.0,44168.0,0.8571428571428571
2011,pisco,manufactura,1.0,179.0,25776.0,1.0,179.0,25776.0,1.0
2011,piura_piura,administra_publica_y_defensa,1.0,290.0,2320.0,1.0,290.0,2320.0,1.0
2011,san_martin_tarapoto,electricidad_agua,1.0,85.0,1360.0,1.0,85.0,1360.0,1.0
2011,san_pedro_de_lloc,administra_publica_y_defensa,1.0,78.0,624.0,1.0,78.0,624.0,1.0
2011,san_ramon,mineria,1.0,250.0,22000.0,1.0,250.0,22000.0,1.0
2011,sicuani,construccion,1.0,1652.0,13216.0,1.0,1652.0,13216.0,1.0
2011,sullana,construccion,2.0,448.0,3584.0,2.0,709.0,44008.0,1.0
2011,tacna_tacna,transporte,0.0,3.0,216.0,0.0,3.0,216.0,
2011,talara,transporte,1.0,149.0,8344.0,1.0,149.0,8344.0,1.0
2011,ucayali_pucallpa,transporte,0.0,5.0,360.0,0.0,5.0,360.0,
2012,abancay,salud_social,0.0,52.0,6558.0,0.0,59.0,6950.0,
2012,arequipa,manufactura,5.0,481.0,66776.0,11.0,2386.0,206160.0,0.45454545454545453
2012,ayacucho,adm_publica,0.0,47.0,376.0,0.0,77.0,1096.0,
2012,cajamarca,transporte,0.0,13.0,728.0,0.0,19.0,1772.0,
2012,callao,adm_publica,0.0,0.0,0.0,0.0,0.0,35938.0,
2012,camana,mineria,1.0,330.0,7920.0,2.0,446.0,15344.0,0.5
2012,canete,construccion,2.0,63.0,504.0,3.0,121.0,968.0,0.6666666666666666
2012,cerro_de_pasco,mineria,8.0,1692.0,429744.0,8.0,1726.0,433804.0,1.0
2012,chachapoyas,salud_social,0.0,16.0,256.0,0.0,16.0,256.0,
2012,chanka_andahuaylas,salud_social,0.0,21.0,2160.0,0.0,21.0,2160.0,
2012,chiclayo,manufactura,2.0,296.0,2088.0,4.0,721.0,43984.0,0.5
2012,chimbote,construccion,2.0,152.0,2736.0,3.0,706.0,35796.0,0.6666666666666666
2012,chincha,salud_social,0.0,48.0,8352.0,0.0,48.0,8352.0,
2012,cusco,adm_publica,0.0,395.0,3160.0,0.0,643.0,25132.0,
2012,huacho,mineria,3.0,1747.0,194928.0,4.0,1936.0,202100.0,0.75
2012,huamachuco,mineria,1.0,200.0,4800.0,1.0,200.0,4800.0,1.0
2012,huancavelica,mineria,1.0,620.0,19840.0,1.0,627.0,21058.0,1.0
2012,huancayo,ensenanza,1.0,15.0,120.0,1.0,127.0,9188.0,1.0
2012,huanuco,salud_social,0.0,20.0,3480.0,0.0,35.0,5360.0,
2012,huaraz,salud_social,0.0,39.0,3310.0,0.0,50.0,3926.0,
2012,ica,mineria,2.0,1578.0,273896.0,2.0,1738.0,300416.0,1.0
2012,iquitos,salud_social,0.0,49.0,792.0,0.0,49.0,792.0,
2012,juanjui,adm_publica,0.0,15.0,120.0,0.0,15.0,120.0,
2012,juliaca,transporte,0.0,1.0,56.0,0.0,1.0,56.0,
2012,la_oroya,mineria,8.0,777.0,14760.0,9.0,2928.0,35122.0,0.8888888888888888
2012,lima_metropolitana,adm_publica,7.0,2238.0,18608.0,30.0,5964.0,304258.0,0.23333333333333334
2012,mollendo,salud_social,0.0,33.0,528.0,0.0,33.0,528.0,
2012,moquegua,adm_publica,2.0,92.0,736.0,3.0,341.0,5592.0,0.6666666666666666
2012,moyobamba,adm_publica,0.0,162.0,1296.0,0.0,221.0,9568.0,
2012,paita,salud_social,0.0,14.0,2436.0,0.0,25.0,2524.0,
2012,pisco,salud_social,0.0,5.0,870.0,0.0,5.0,870.0,
2012,piura,salud_social,0.0,66.0,11010.0,0.0,90.0,14850.0,
2012,pucallpa,salud_social,0.0,94.0,9878.0,0.0,98.0,10102.0,
2012,puerto_maldonado,adm_publica,0.0,0.0,0.0,0.0,0.0,1538.0,
2012,puno,salud_social,0.0,122.0,11590.0,0.0,125.0,11758.0,
2012,quillabamba,salud_social,0.0,6.0,1044.0,0.0,6.0,1044.0,
2012,rioja,adm_publica,0.0,0.0,0.0,0.0,0.0,96.0,
2012,san_ramon,adm_publica,0.0,0.0,0.0,0.0,0.0,56.0,
2012,satipo,adm_publica,0.0,4.0,32.0,0.0,4.0,32.0,
2012,sicuani,salud_social,0.0,7.0,104.0,0.0,7.0,104.0,
2012,sullana,salud_social,0.0,37.0,1698.0,0.0,37.0,1698.0,
2012,tacna,mineria,1.0,484.0,7736.0,1.0,686.0,16874.0,1.0
2012,talara,salud_social,0.0,30.0,480.0,0.0,30.0,480.0,
2012,tarapoto,adm_publica,0.0,59.0,472.0,0.0,111.0,2168.0,
2012,tarma,transporte,0.0,2.0,112.0,0.0,2.0,112.0,
2012,tocache,adm_publica,0.0,10.0,80.0,0.0,10.0,80.0,
2012,trujillo,manufactura,2.0,1972.0,53696.0,5.0,2705.0,84342.0,0.4
2012,tumbes,salud_social,0.0,55.0,6252.0,0.0,122.0,8276.0,
2012,yurimaguas,salud_social,0.0,12.0,192.0,0.0,12.0,192.0,
2013,abancay,salud_social,0.0,12.0,1368.0,0.0,24.0,1480.0,
2013,arequipa,manufactura,7.0,426.0,84888.0,12.0,1918.0,221718.0,0.5833333333333334
2013,ayacucho,mineria,1.0,120.0,5760.0,1.0,175.0,6952.0,1.0
2013,cajamarca,adm_publica,1.0,0.0,112.0,1.0,0.0,1120.0,1.0
2013,callao,transporte,6.0,640.0,12928.0,8.0,821.0,21974.0,0.75
2013,camana,mineria,1.0,347.0,24984.0,1.0,347.0,24984.0,1.0
2013,canete,mineria,1.0,620.0,24800.0,1.0,627.0,25598.0,1.0
2013,cerro_de_pasco,mineria,6.0,1177.0,79394.0,6.0,1177.0,79538.0,1.0
2013,chachapoyas,salud_social,0.0,14.0,1596.0,0.0,14.0,1596.0,
2013,chanka_andahuaylas,transporte,0.0,1.0,24.0,0.0,1.0,24.0,
2013,chiclayo,manufactura,3.0,1446.0,20528.0,5.0,1666.0,28632.0,0.6
2013,chimbote,mineria,2.0,99.0,8736.0,2.0,293.0,13902.0,1.0
2013,chincha,adm_publica,0.0,2.0,64.0,0.0,2.0,64.0,
2013,cusco,construccion,1.0,420.0,10080.0,2.0,604.0,17764.0,0.5
2013,huacho,mineria,6.0,4750.0,310920.0,6.0,4750.0,311032.0,1.0
2013,huancavelica,mineria,2.0,1335.0,186760.0,2.0,1335.0,186760.0,1.0
2013,huancayo,salud_social,0.0,65.0,780.0,0.0,106.0,5692.0,
2013,huanuco,mineria,1.0,206.0,70864.0,1.0,214.0,71810.0,1.0
2013,ica,mineria,3.0,903.0,164704.0,3.0,1106.0,170774.0,1.0
2013,ilo,transporte,0.0,3.0,72.0,0.0,5.0,136.0,
2013,juliaca,ensenanza,0.0,10.0,720.0,0.0,10.0,720.0,
2013,la_oroya,manufactura,1.0,898.0,14368.0,2.0,1114.0,21362.0,0.5
2013,lima_metropolitana,manufactura,9.0,1422.0,60608.0,24.0,5730.0,197042.0,0.375
2013,moquegua,financiero,0.0,7.0,168.0,0.0,13.0,852.0,
2013,paita,transporte,0.0,3.0,72.0,0.0,3.0,72.0,
2013,pisco,manufactura,1.0,0.0,44880.0,1.0,0.0,45280.0,1.0
2013,piura,financiero,0.0,27.0,648.0,0.0,51.0,1496.0,
2013,pucallpa,adm_publica,0.0,9.0,240.0,0.0,9.0,240.0,
2013,puerto_maldonado,adm_publica,0.0,0.0,0.0,0.0,0.0,892.0,
2013,puno,mineria,1.0,0.0,4728.0,1.0,0.0,6170.0,1.0
2013,sullana,manufactura,0.0,24.0,3264.0,0.0,24.0,3440.0,
2013,tacna,mineria,2.0,429.0,4360.0,2.0,515.0,8082.0,1.0
2013,talara,mineria,2.0,238.0,6888.0,2.0,254.0,7248.0,1.0
2013,tarapoto,salud_social,0.0,33.0,396.0,0.0,50.0,1332.0,
2013,tocache,agricultura,1.0,205.0,6560.0,2.0,272.0,8704.0,0.5
2013,trujillo,manufactura,4.0,1864.0,31096.0,9.0,3074.0,78648.0,0.4444444444444444
2013,tumbes,transporte,0.0,3.0,72.0,0.0,3.0,72.0,
2014,ancash,mineria,2.0,3306.0,359896.0,6.0,4501.0,523006.0,0.3333333333333333
2014,arequipa,mineria,4.0,1425.0,93560.0,8.0,4988.0,370064.0,0.5
2014,callao,adm_publica,3.0,958.0,100304.0,3.0,1155.0,131708.0,1.0
2014,cusco,mineria,1.0,1200.0,19200.0,1.0,1660.0,26560.0,1.0
2014,huancavelica,mineria,2.0,1383.0,149536.0,2.0,1383.0,149536.0,1.0
2014,huanuco,mineria,6.0,1288.0,79376.0,6.0,1381.0,101192.0,1.0
2014,ica,mineria,3.0,2252.0,169864.0,5.0,2549.0,200460.0,0.6
2014,junin,mineria,6.0,763.0,98216.0,8.0,2128.0,174472.0,0.75
2014,la_libertad,manufactura,2.0,2667.0,32240.0,2.0,3314.0,186316.0,1.0
2014,lambayeque,electricidad_agua,1.0,377.0,6032.0,2.0,1783.0,144664.0,0.5
2014,lima_metropolitana,manufactura,22.0,2794.0,274400.0,43.0,10971.0,828640.0,0.5116279069767442
2014,lima_provincia,mineria,4.0,2791.0,191200.0,5.0,2969.0,196716.0,0.8
2014,moquegua,adm_publica,0.0,79.0,1264.0,0.0,94.0,3244.0,
2014,pasco,mineria,2.0,0.0,4512.0,2.0,0.0,5840.0,1.0
2014,piura,mineria,2.0,199.0,4704.0,2.0,213.0,6552.0,1.0
2014,puno,adm_publica,0.0,120.0,1920.0,0.0,120.0,1920.0,
2014,san_martin,adm_publica,0.0,140.0,23584.0,0.0,173.0,30640.0,
2014,tacna,adm_publica,0.0,259.0,31984.0,0.0,441.0,71488.0,
2015,arequipa,mineria,1.0,160.0,3840.0,1.0,160.0,3840.0,1.0
2015,callao,transporte,1.0,600.0,96000.0,1.0,602.0,96016.0,1.0
2015,cusco,electricidad_agua,1.0,51.0,408.0,1.0,51.0,408.0,1.0
2015,huancavelica,mineria,1.0,683.0,32784.0,1.0,683.0,32784.0,1.0
2015,huanuco,mineria,0.0,530.0,29680.0,0.0,889.0,35424.0,
2015,ica,mineria,5.0,2344.0,227920.0,5.0,2524.0,230800.0,1.0
2015,la_libertad,mineria,1.0,3000.0,288000.0,1.0,3000.0,288000.0,1.0
2015,lambayeque,manufactura,2.0,943.0,7544.0,4.0,1796.0,26656.0,0.5
2015,lima_metropolitana,manufactura,9.0,0.0,151648.0,23.0,0.0,458744.0,0.391304347826087
2015,lima_provincia,mineria,1.0,2500.0,520000.0,1.0,2500.0,520000.0,1.0
2015,loreto,mineria,0.0,209.0,1672.0,0.0,209.0,1672.0,
2015,piura,adm_publica,2.0,789.0,6312.0,6.0,1265.0,10120.0,0.3333333333333333
2015,puno,mineria,0.0,700.0,39200.0,0.0,700.0,39200.0,
2015,san_martin,adm_publica,1.0,755.0,181200.0,1.0,755.0,181200.0,1.0
2016,amazonas,adm_publica,0.0,212.0,60000.0,0.0,212.0,60000.0,
2016,apurimac,adm_publica,0.0,187.0,49952.0,0.0,187.0,49952.0,
2016,arequipa,mineria,2.0,641.0,46256.0,2.0,641.0,46256.0,1.0
2016,ayacucho,adm_publica,0.0,125.0,32000.0,0.0,125.0,32000.0,
2016,huancavelica,adm_publica,0.0,213.0,54528.0,0.0,213.0,54528.0,
2016,ica,mineria,1.0,840.0,168000.0,1.0,840.0,168000.0,1.0
2016,junin,mineria,7.0,1611.0,127592.0,7.0,1611.0,127592.0,1.0
2016,la_libertad,manufactura,2.0,2372.0,850576.0,4.0,3547.0,1033200.0,0.5
2016,lambayeque,manufactura,3.0,1260.0,141360.0,5.0,2095.0,171240.0,0.6
2016,lima_metropolitana,manufactura,7.0,1689.0,53304.0,17.0,8218.0,980520.0,0.4117647058823529
2016,lima_provincia,mineria,2.0,685.0,6640.0,2.0,685.0,6640.0,1.0
2016,loreto,adm_publica,0.0,314.0,89056.0,0.0,314.0,89056.0,
2016,moquegua,adm_publica,0.0,155.0,39680.0,0.0,155.0,39680.0,
2016,pasco,mineria,1.0,0.0,14544.0,1.0,0.0,30224.0,1.0
2016,piura,adm_publica,1.0,267.0,45072.0,2.0,357.0,46512.0,0.5
2016,tacna,adm_publica,0.0,172.0,43920.0,0.0,172.0,43920.0,
2016,tumbes,adm_publica,0.0,216.0,60576.0,0.0,216.0,60576.0,
2016,ucayali,adm_publica,0.0,158.0,44160.0,0.0,158.0,44160.0,
2017,amazonas,adm_publica,0.0,0.0,5088.0,0.0,0.0,5088.0,
2017,ancash,mineria,1.0,225.0,1800.0,1.0,225.0,1800.0,1.0
2017,apurimac,adm_publica,0.0,0.0,4488.0,0.0,0.0,4488.0,
2017,arequipa,mineria,2.0,1132.0,250752.0,4.0,1310.0,277776.0,0.5
2017,ayacucho,adm_publica,0.0,0.0,3000.0,0.0,0.0,3000.0,
2017,cusco,mineria,2.0,685.0,5480.0,2.0,685.0,5480.0,1.0
2017,huancavelica,mineria,1.0,320.0,20480.0,1.0,320.0,25592.0,1.0
2017,ica,mineria,1.0,930.0,141360.0,2.0,930.0,158216.0,0.5
2017,junin,mineria,2.0,664.0,18592.0,2.0,664.0,18592.0,1.0
2017,la_libertad,transporte,1.0,45.0,1800.0,1.0,45.0,1800.0,1.0
2017,lambayeque,ensenanza,1.0,672.0,5376.0,1.0,672.0,5376.0,1.0
2017,lima_metropolitana,adm_publica,11.0,35024.0,1795274.0,25.0,47950.0,2022846.0,0.44
2017,lima_provincia,mineria,1.0,250.0,16000.0,1.0,250.0,16000.0,1.0
2017,loreto,adm_publica,0.0,0.0,7536.0,0.0,0.0,7536.0,
2017,moquegua,mineria,1.0,0.0,408000.0,1.0,0.0,411720.0,1.0
2017,pasco,mineria,2.0,405.0,21672.0,2.0,405.0,23160.0,1.0
2017,piura,adm_publica,1.0,81.0,4728.0,2.0,105.0,4920.0,0.5
2017,tacna,adm_publica,0.0,0.0,4128.0,0.0,0.0,4128.0,
2017,tumbes,adm_publica,0.0,0.0,5184.0,0.0,0.0,5184.0,
2017,ucayali,adm_publica,0.0,0.0,3792.0,0.0,0.0,3792.0,
2018,ancash,adm_publica,1.0,52.0,832.0,1.0,492.0,3712.0,1.0
2018,arequipa,construccion,2.0,250.0,2000.0,4.0,2862.0,44200.0,0.5
2018,ayacucho,mineria,1.0,200.0,36800.0,1.0,406.0,39272.0,1.0
2018,cajamarca,adm_publica,1.0,31.0,2418.0,1.0,204.0,3654.0,1.0
2018,callao,transporte,1.0,0.0,2080.0,1.0,0.0,10270.0,1.0
2018,cusco,transporte,1.0,60.0,7200.0,1.0,181.0,14348.0,1.0
2018,huancavelica,mineria,1.0,586.0,42192.0,1.0,586.0,42192.0,1.0
2018,huanuco,salud_social,0.0,206.0,1386.0,0.0,206.0,1386.0,
2018,ica,mineria,2.0,1100.0,118480.0,2.0,1154.0,118804.0,1.0
2018,junin,salud_social,0.0,329.0,1974.0,0.0,329.0,1974.0,
2018,la_libertad,adm_publica,1.0,0.0,9920.0,2.0,0.0,38624.0,0.5
2018,lambayeque,adm_publica,3.0,591.0,34104.0,3.0,1115.0,39886.0,1.0
2018,lima_metropolitana,salud_social,7.0,4340.0,32666.0,25.0,8924.0,177162.0,0.28
2018,lima_provincia,mineria,4.0,1325.0,115400.0,5.0,1350.0,115800.0,0.8
2018,loreto,salud_social,0.0,45.0,540.0,0.0,45.0,540.0,
2018,moquegua,salud_social,0.0,64.0,384.0,0.0,64.0,384.0,
2018,pasco,mineria,3.0,669.0,62616.0,3.0,669.0,62616.0,1.0
2018,piura,inmobiliario,1.0,0.0,752.0,1.0,0.0,1892.0,1.0
2018,puno,salud_social,1.0,165.0,990.0,1.0,165.0,990.0,1.0
2018,san_martin,salud_social,0.0,20.0,240.0,0.0,20.0,240.0,
2018,tacna,salud_social,0.0,157.0,1884.0,0.0,157.0,1884.0,
2018,tumbes,adm_publica,1.0,65.0,1040.0,1.0,80.0,1220.0,1.0
2018,ucayali,adm_publica,1.0,193.0,17370.0,1.0,267.0,17814.0,1.0
2019,arequipa,construccion,1.0,200.0,6400.0,2.0,231.0,7888.0,0.5
2019,callao,transporte,1.0,975.0,15600.0,1.0,975.0,15600.0,1.0
2019,cusco,mineria,1.0,177.0,2832.0,1.0,177.0,2832.0,1.0
2019,huancavelica,mineria,1.0,571.0,31976.0,1.0,571.0,31976.0,1.0
2019,ica,mineria,2.0,969.0,119816.0,2.0,969.0,119816.0,1.0
2019,junin,mineria,3.0,0.0,63272.0,3.0,0.0,63272.0,1.0
2019,la_libertad,mineria,1.0,989.0,55384.0,1.0,989.0,55384.0,1.0
2019,lambayeque,adm_publica,14.0,6056.0,71216.0,20.0,10655.0,108880.0,0.7
2019,lima_metropolitana,adm_publica,10.0,79131.0,947416.0,27.0,90315.0,1262168.0,0.37037037037037035
2019,lima_provincia,mineria,4.0,2209.0,341664.0,4.0,2209.0,341664.0,1.0
2019,pasco,mineria,1.0,319.0,15312.0,1.0,319.0,15312.0,1.0
2019,piura,mineria,1.0,0.0,22320.0,1.0,0.0,22320.0,1.0
2019,puno,mineria,1.0,948.0,7584.0,1.0,948.0,7584.0,1.0
2019,tumbes,transporte,1.0,52.0,1664.0,1.0,52.0,1664.0,1.0
2019,ucayali,adm_publica,1.0,150.0,29496.0,1.0,150.0,29496.0,1.0
2020,huanuco,mineria,1.0,187.0,13464.0,1.0,187.0,13464.0,1.0
2020,junin,mineria,2.0,309.0,24400.0,2.0,309.0,24400.0,1.0
2020,lambayeque,adm_publica,2.0,707.0,7816.0,3.0,2567.0,126856.0,0.6666666666666666
2020,lima_metropolitana,adm_publica,5.0,97242.0,3068096.0,12.0,123545.0,3457176.0,0.4166666666666667
2020,lima_provincia,mineria,2.0,878.0,21072.0,2.0,878.0,21072.0,1.0
2020,pasco,mineria,1.0,189.0,4536.0,1.0,189.0,4536.0,1.0
2020,san_martin,adm_publica,1.0,31.0,496.0,1.0,31.0,496.0,1.0
2020,ucayali,salud_social,1.0,162.0,5184.0,1.0,162.0,5184.0,1.0
2021,apurimac,ensenanza,1.0,72.0,36288.0,1.0,72.0,36288.0,1.0
2021,arequipa,mineria,2.0,434.0,62496.0,2.0,434.0,62496.0,1.0
2021,huanuco,mineria,1.0,143.0,13728.0,1.0,143.0,13728.0,1.0
2021,ica,mineria,2.0,1562.0,187440.0,2.0,1562.0,187440.0,1.0
2021,junin,mineria,5.0,1224.0,68824.0,5.0,1224.0,68824.0,1.0
2021,lima_metropolitana,adm_publica,6.0,195289.0,2329512.0,18.0,203333.0,2594288.0,0.3333333333333333
2021,lima_provincia,mineria,2.0,1195.0,23944.0,3.0,1246.0,24760.0,0.6666666666666666
2021,loreto,manufactura,1.0,75.0,6000.0,1.0,75.0,6000.0,1.0
2021,moquegua,adm_publica,1.0,30.0,480.0,1.0,30.0,480.0,1.0
2021,pasco,mineria,2.0,590.0,12064.0,2.0,590.0,12064.0,1.0
2021,tumbes,manufactura,1.0,350.0,5600.0,1.0,350.0,5600.0,1.0
2021,ucayali,manufactura,1.0,83.0,15272.0,1.0,83.0,15272.0,1.0
2022,ancash,adm_publica,2.0,1300.0,59500.0,2.0,1300.0,59500.0,1.0
2022,ica,mineria,2.0,599.0,115312.0,3.0,670.0,142576.0,0.6666666666666666
2022,junin,mineria,3.0,1035.0,94960.0,3.0,1035.0,94960.0,1.0
2022,la_libertad,adm_publica,1.0,141.0,3384.0,2.0,161.0,10584.0,0.5
2022,lima_metropolitana,adm_publica,12.0,21464.0,1027624.0,26.0,24282.0,1758896.0,0.46153846153846156
2022,lima_provincia,mineria,2.0,1168.0,45680.0,2.0,1168.0,45680.0,1.0
2022,loreto,adm_publica,1.0,284.0,6816.0,1.0,284.0,6816.0,1.0
2022,san_martin,transporte,1.0,76.0,1216.0,1.0,76.0,1216.0,1.0
2022,ucayali,electricidad_agua,1.0,169.0,2704.0,1.0,169.0,2704.0,1.0
2023,ancash,salud_social,1.0,38.0,4256.0,1.0,38.0,4256.0,1.0
2023,apurimac,mineria,3.0,1314.0,21024.0,3.0,1314.0,21024.0,1.0
2023,arequipa,adm_publica,1.0,23.0,2944.0,1.0,23.0,2944.0,1.0
2023,ayacucho,adm_publica,1.0,104.0,832.0,1.0,104.0,832.0,1.0
2023,cajamarca,ensenanza,3.0,146.0,28648.0,3.0,146.0,28648.0,1.0
2023,callao,manufactura,1.0,270.0,0.0,1.0,270.0,0.0,1.0
2023,ica,mineria,2.0,1167.0,76849.0,2.0,1167.0,76849.0,1.0
2023,lambayeque,adm_publica,1.0,0.0,3200.0,1.0,0.0,3200.0,1.0
2023,lima_metropolitana,adm_publica,19.0,59954.0,1082904.0,38.0,74320.0,1311672.0,0.5
2023,lima_provincia,adm_publica,1.0,51.0,408.0,2.0,77.0,5192.0,0.5
2023,moquegua,mineria,1.0,160.0,2560.0,1.0,160.0,2560.0,1.0
2023,ucayali,electricidad_agua,1.0,64.0,512.0,1.0,64.0,512.0,1.0
2024,ancash,adm_publica,1.0,110.0,880.0,2.0,126.0,1136.0,0.5
2024,apurimac,adm_publica,1.0,25.0,1200.0,1.0,25.0,1200.0,1.0
2024,arequipa,adm_publica,2.0,147.0,1176.0,2.0,147.0,1176.0,1.0
2024,cajamarca,adm_publica,6.0,2725.0,39032.0,7.0,2775.0,45832.0,0.8571428571428571
2024,ica,mineria,2.0,287.0,15928.0,2.0,287.0,15928.0,1.0
2024,junin,adm_publica,0.0,0.0,0.0,0.0,0.0,8000.0,
2024,lima_metropolitana,adm_publica,21.0,44025.0,1890464.0,42.0,72555.0,2158020.0,0.5
2024,lima_provincia,manufactura,1.0,65.0,6208.0,2.0,122.0,37088.0,0.5
2024,pasco,construccion,2.0,421.0,4912.0,3.0,521.0,8912.0,0.6666666666666666
2024,tumbes,adm_publica,2.0,146.0,18224.0,2.0,146.0,18224.0,1.0
2025,amazonas,adm_publica,1.0,85.0,2040.0,1.0,85.0,2040.0,1.0
2025,apurimac,adm_publica,2.0,35.0,680.0,3.0,235.0,2280.0,0.6666666666666666
2025,arequipa,manufactura,3.0,403.0,5272.0,9.0,1205.0,79336.0,0.3333333333333333
2025,ayacucho,mineria,1.0,400.0,12800.0,1.0,400.0,12800.0,1.0
2025,cusco,adm_publica,2.0,380.0,3040.0,2.0,380.0,3040.0,1.0
2025,ica,adm_publica,0.0,0.0,0.0,0.0,0.0,28136.0,
2025,junin,adm_publica,1.0,0.0,624.0,1.0,0.0,624.0,1.0
2025,la_libertad,electricidad_agua,1.0,535.0,4280.0,1.0,535.0,4280.0,1.0
2025,lima_metropolitana,salud_social,9.0,20787.0,1317426.0,28.0,70690.0,7594426.0,0.32142857142857145
2025,lima_provincia,adm_publica,2.0,54.0,648.0,4.0,322.0,27080.0,0.5
2025,loreto,manufactura,1.0,60.0,9840.0,1.0,60.0,9840.0,1.0
2025,tumbes,ensenanza,3.0,240.0,1920.0,4.0,295.0,14192.0,0.75
2025,ucayali,salud_social,1.0,50.0,300.0,3.0,120.0,3660.0,0.3333333333333333
