anio,region,huelgas,trabajadores_comprendidos,horas_hombre_perdidas,huelgas_anio_total,trabajadores_anio_total,horas_anio_total,participacion_huelgas_anual,participacion_trabajadores_anual,participacion_horas_anual,rank_region_huelgas
1994,lima,101.0,36975.0,1048396.0,168.0,62940.0,1936647.0,0.6011904761904762,0.5874642516682554,0.5413459448211264,1
1994,arequipa,20.0,6632.0,221879.0,168.0,62940.0,1936647.0,0.11904761904761904,0.10537019383539879,0.1145686333131438,2
1994,grau,8.0,6291.0,70304.0,168.0,62940.0,1936647.0,0.047619047619047616,0.09995233555767398,0.036301917695893984,3
1994,andres_a_caceres,7.0,6198.0,396152.0,168.0,62940.0,1936647.0,0.041666666666666664,0.0984747378455672,0.2045556056421227,4
1994,la_libertad,7.0,1023.0,11752.0,168.0,62940.0,1936647.0,0.041666666666666664,0.016253574833174453,0.00606821996987577,5
1994,nor_oriental_del_maranon,7.0,1847.0,76740.0,168.0,62940.0,1936647.0,0.041666666666666664,0.02934540832538926,0.039625187243725886,6
1994,libertadores_wari,4.0,833.0,14104.0,168.0,62940.0,1936647.0,0.023809523809523808,0.013234826819192882,0.007282690134030621,7
1994,moquegua_tacna_puno,4.0,680.0,13528.0,168.0,62940.0,1936647.0,0.023809523809523808,0.010803940260565617,0.006985268869339637,8
1994,chavin,3.0,1146.0,14840.0,168.0,62940.0,1936647.0,0.017857142857142856,0.018207816968541467,0.007662728416691323,9
1994,inka,3.0,1069.0,66064.0,168.0,62940.0,1936647.0,0.017857142857142856,0.016984429615506832,0.034112566719696466,10
1994,loreto,3.0,194.0,2472.0,168.0,62940.0,1936647.0,0.017857142857142856,0.003082300603749603,0.0012764329276321394,11
1994,san_martin,1.0,52.0,416.0,168.0,62940.0,1936647.0,0.005952380952380952,0.0008261836669844296,0.0002148042467212662,12
1995,lima,45.0,15029.0,442042.0,102.0,28182.0,1048753.0,0.4411764705882353,0.5332836562344759,0.421492954013004,1
1995,grau,16.0,3914.0,61928.0,102.0,28182.0,1048753.0,0.1568627450980392,0.13888297494854873,0.05904917554467067,2
1995,andres_a_caceres,9.0,2529.0,76760.0,102.0,28182.0,1048753.0,0.08823529411764706,0.08973813072173728,0.07319168574487987,3
1995,arequipa,7.0,2168.0,285119.0,102.0,28182.0,1048753.0,0.06862745098039216,0.07692853594492939,0.27186477654891095,4
1995,la_libertad,6.0,1755.0,36712.0,102.0,28182.0,1048753.0,0.058823529411764705,0.062273791781988504,0.03500538258293421,5
1995,libertadores_wari,6.0,746.0,113712.0,102.0,28182.0,1048753.0,0.058823529411764705,0.02647079696260024,0.1084259115349372,6
1995,chavin,5.0,817.0,13216.0,102.0,28182.0,1048753.0,0.049019607843137254,0.028990135547512598,0.012601632605580152,7
1995,nor_oriental_del_maranon,4.0,401.0,6936.0,102.0,28182.0,1048753.0,0.0392156862745098,0.014228940458448655,0.006613568685858348,8
1995,loreto,3.0,805.0,11896.0,102.0,28182.0,1048753.0,0.029411764705882353,0.028564331843020367,0.011342994966402956,9
1995,moquegua_tacna_puno,1.0,18.0,432.0,102.0,28182.0,1048753.0,0.00980392156862745,0.0006387055567383436,0.0004119177728216272,10
1996,lima,26.0,20231.0,273540.0,75.0,35642.0,1392846.0,0.3466666666666667,0.5676168565175916,0.1963892634217997,1
1996,chavin,11.0,3475.0,185122.0,75.0,35642.0,1392846.0,0.14666666666666667,0.097497334605241,0.13290916583742926,2
1996,grau,10.0,4442.0,168088.0,75.0,35642.0,1392846.0,0.13333333333333333,0.12462824757308794,0.12067952953880041,3
1996,andres_a_caceres,8.0,2267.0,108728.0,75.0,35642.0,1392846.0,0.10666666666666667,0.06360473598563493,0.07806175269914979,4
1996,la_libertad,7.0,830.0,7464.0,75.0,35642.0,1392846.0,0.09333333333333334,0.0232871331575108,0.005358812101266041,5
1996,moquegua_tacna_puno,5.0,1699.0,218432.0,75.0,35642.0,1392846.0,0.06666666666666667,0.04766848100555524,0.15682422895280598,6
1996,arequipa,2.0,560.0,6208.0,75.0,35642.0,1392846.0,0.02666666666666667,0.0157118006845856,0.004457061297516021,7
1996,inka,2.0,636.0,40896.0,75.0,35642.0,1392846.0,0.02666666666666667,0.01784411649177936,0.029361465660956057,8
1996,libertadores_wari,2.0,1353.0,378840.0,75.0,35642.0,1392846.0,0.02666666666666667,0.03796083272543628,0.2719898682266381,9
1996,loreto,2.0,149.0,5528.0,75.0,35642.0,1392846.0,0.02666666666666667,0.004180461253577241,0.003968852263638622,10
1997,lima,20.0,11544.0,168938.0,66.0,18854.0,313838.0,0.30303030303030304,0.6122838654927336,0.538296828299951,1
1997,chavin,13.0,888.0,47160.0,66.0,18854.0,313838.0,0.19696969696969696,0.04709875888405644,0.1502686099197675,2
1997,grau,8.0,1605.0,28166.0,66.0,18854.0,313838.0,0.12121212121212122,0.08512782433435875,0.08974693950382044,3
1997,inka,8.0,1662.0,8292.0,66.0,18854.0,313838.0,0.12121212121212122,0.08815105547894346,0.026421274670371336,4
1997,arequipa,6.0,1470.0,7320.0,66.0,18854.0,313838.0,0.09090909090909091,0.07796754004455288,0.02332413538194865,5
1997,la_libertad,4.0,511.0,34978.0,66.0,18854.0,313838.0,0.06060606060606061,0.02710300201548743,0.1114524053811202,6
1997,libertadores_wari,4.0,603.0,9400.0,66.0,18854.0,313838.0,0.06060606060606061,0.03198260316113292,0.029951758550589794,7
1997,andres_a_caceres,3.0,571.0,9584.0,66.0,18854.0,313838.0,0.045454545454545456,0.030285350588734487,0.030538048292431126,8
1998,lima,23.0,9395.0,193080.0,58.0,16624.0,317496.0,0.39655172413793105,0.5651467757459095,0.6081336457782145,1
1998,andres_a_caceres,8.0,1490.0,33581.0,58.0,16624.0,317496.0,0.13793103448275862,0.08962945139557267,0.10576826164739084,2
1998,arequipa,8.0,2209.0,13307.0,58.0,16624.0,317496.0,0.13793103448275862,0.13288017324350337,0.041912339053090435,3
1998,moquegua_tacna_puno,5.0,898.0,23184.0,58.0,16624.0,317496.0,0.08620689655172414,0.05401828681424447,0.07302139239549475,4
1998,la_libertad,4.0,707.0,12112.0,58.0,16624.0,317496.0,0.06896551724137931,0.0425288739172281,0.038148512107239144,5
1998,grau,3.0,795.0,12640.0,58.0,16624.0,317496.0,0.05172413793103448,0.04782242540904716,0.039811525184569256,6
1998,chavin,2.0,402.0,3376.0,58.0,16624.0,317496.0,0.034482758620689655,0.024181905678537056,0.010633204827777357,7
1998,inka,2.0,414.0,12472.0,58.0,16624.0,317496.0,0.034482758620689655,0.024903753609239652,0.03928238465996422,8
1998,libertadores_wari,2.0,231.0,5776.0,58.0,16624.0,317496.0,0.034482758620689655,0.013895572666025023,0.01819235517927785,9
1998,san_martin,1.0,83.0,7968.0,58.0,16624.0,317496.0,0.017241379310344827,0.004992781520692974,0.025096379166981632,10
1999,lima,25.0,23677.0,293252.0,71.0,45586.0,672308.0,0.352112676056338,0.5193919185714913,0.43618698572678,1
1999,arequipa,11.0,6929.0,131848.0,71.0,45586.0,672308.0,0.15492957746478872,0.15199842056771815,0.1961124960583542,2
1999,junin,7.0,3203.0,54637.0,71.0,45586.0,672308.0,0.09859154929577464,0.07026279998245075,0.08126781177674518,3
1999,lambayeque,7.0,1198.0,15523.0,71.0,45586.0,672308.0,0.09859154929577464,0.026279998245075244,0.023089119867679694,4
1999,piura,5.0,2977.0,23756.0,71.0,45586.0,672308.0,0.07042253521126761,0.06530513754222787,0.035334995270025045,5
1999,ancash,4.0,653.0,9276.0,71.0,45586.0,672308.0,0.056338028169014086,0.014324573333918308,0.013797247690046824,6
1999,cusco,4.0,3066.0,76208.0,71.0,45586.0,672308.0,0.056338028169014086,0.06725749133505901,0.11335280853418374,7
1999,pasco,3.0,1575.0,44880.0,71.0,45586.0,672308.0,0.04225352112676056,0.03455008116527004,0.06675511818987725,8
1999,ica,2.0,1159.0,10424.0,71.0,45586.0,672308.0,0.028169014084507043,0.025424472425744745,0.015504798395973273,9
1999,moquegua,2.0,926.0,8608.0,71.0,45586.0,672308.0,0.028169014084507043,0.020313254069231783,0.012803655467434569,10
1999,la_libertad,1.0,223.0,3896.0,71.0,45586.0,672308.0,0.014084507042253521,0.004891852761812837,0.005794963022900218,11
2000,lambayeque,7.0,1211.0,18543.0,37.0,5280.0,181691.0,0.1891891891891892,0.22935606060606062,0.10205788949370084,1
2000,lima_provincia,7.0,1119.0,113304.0,37.0,5280.0,181691.0,0.1891891891891892,0.2119318181818182,0.623608213945655,2
2000,piura,7.0,970.0,9056.0,37.0,5280.0,181691.0,0.1891891891891892,0.18371212121212122,0.049842865084126345,3
2000,arequipa,4.0,530.0,10604.0,37.0,5280.0,181691.0,0.10810810810810811,0.10037878787878787,0.05836282479594476,4
2000,pasco,4.0,575.0,8112.0,37.0,5280.0,181691.0,0.10810810810810811,0.10890151515151515,0.04464723073790116,5
2000,ancash,3.0,533.0,9424.0,37.0,5280.0,181691.0,0.08108108108108109,0.1009469696969697,0.051868281863163286,6
2000,cusco,1.0,120.0,1920.0,37.0,5280.0,181691.0,0.02702702702702703,0.022727272727272728,0.010567391890627494,7
2000,huancavelica,1.0,169.0,4056.0,37.0,5280.0,181691.0,0.02702702702702703,0.032007575757575756,0.02232361536895058,8
2000,junin,1.0,37.0,5824.0,37.0,5280.0,181691.0,0.02702702702702703,0.007007575757575758,0.032054422068236735,9
2000,puno,1.0,5.0,576.0,37.0,5280.0,181691.0,0.02702702702702703,0.000946969696969697,0.003170217567188248,10
2000,san_martin,1.0,11.0,272.0,37.0,5280.0,181691.0,0.02702702702702703,0.0020833333333333333,0.0014970471845055617,11
2001,lima_provincia,15.0,1350.0,77178.0,41.0,11069.0,489842.0,0.36585365853658536,0.12196223687776674,0.1575569265191633,1
2001,pasco,8.0,1042.0,22248.0,41.0,11069.0,489842.0,0.1951219512195122,0.09413677839009847,0.045418726854781745,2
2001,lambayeque,5.0,3633.0,281256.0,41.0,11069.0,489842.0,0.12195121951219512,0.3282139307977234,0.5741769795158439,3
2001,piura,5.0,1027.0,17104.0,41.0,11069.0,489842.0,0.12195121951219512,0.09278164242478995,0.03491738152302171,4
2001,la_libertad,2.0,2738.0,64640.0,41.0,11069.0,489842.0,0.04878048780487805,0.2473574848676484,0.1319609180102972,5
2001,ancash,1.0,19.0,152.0,41.0,11069.0,489842.0,0.024390243902439025,0.0017165055560574578,0.00031030413888559987,6
2001,arequipa,1.0,257.0,2056.0,41.0,11069.0,489842.0,0.024390243902439025,0.023217996205619297,0.004197271773347324,7
2001,callao,1.0,19.0,912.0,41.0,11069.0,489842.0,0.024390243902439025,0.0017165055560574578,0.001861824833313599,8
2001,huancavelica,1.0,248.0,7936.0,41.0,11069.0,489842.0,0.024390243902439025,0.022404914626434187,0.016201142409185004,9
2001,huanuco,1.0,46.0,5520.0,41.0,11069.0,489842.0,0.024390243902439025,0.004155750293612793,0.011268939780582311,10
2001,junin,1.0,665.0,10640.0,41.0,11069.0,489842.0,0.024390243902439025,0.06007769446201102,0.02172128972199199,11
2001,cusco,0.0,25.0,200.0,41.0,11069.0,489842.0,0.0,0.0022585599421808653,0.0004082949195863156,12
2002,junin,14.0,2743.0,105224.0,70.0,22924.0,899432.0,0.2,0.11965625545280056,0.11698938885874641,1
2002,lima_provincia,13.0,2712.0,178920.0,70.0,22924.0,899432.0,0.18571428571428572,0.1183039609143256,0.1989255441211787,2
2002,pasco,7.0,3730.0,158360.0,70.0,22924.0,899432.0,0.1,0.16271156866166464,0.1760666731893017,3
2002,arequipa,6.0,3897.0,86104.0,70.0,22924.0,899432.0,0.08571428571428572,0.16999651020764264,0.0957315283423316,4
2002,callao,6.0,255.0,2520.0,70.0,22924.0,899432.0,0.08571428571428572,0.011123713139068226,0.002801768227058855,5
2002,ancash,4.0,1796.0,24748.0,70.0,22924.0,899432.0,0.05714285714285714,0.07834583842261385,0.02751514289017958,6
2002,la_libertad,4.0,2211.0,76128.0,70.0,22924.0,899432.0,0.05714285714285714,0.09644913627639155,0.08464008396410179,7
2002,lambayeque,4.0,733.0,19952.0,70.0,22924.0,899432.0,0.05714285714285714,0.03197522247426278,0.022182888756459632,8
2002,ica,3.0,1200.0,137496.0,70.0,22924.0,899432.0,0.04285714285714286,0.05234688536032106,0.15286981116971599,9
2002,piura,3.0,641.0,13588.0,70.0,22924.0,899432.0,0.04285714285714286,0.027961961263304833,0.015107312170347508,10
2002,tacna,2.0,581.0,28272.0,70.0,22924.0,899432.0,0.02857142857142857,0.02534461699528878,0.03143317115690791,11
2002,apurimac,1.0,949.0,27328.0,70.0,22924.0,899432.0,0.014285714285714285,0.041397661839120574,0.03038361988454936,12
2002,cusco,1.0,1196.0,30528.0,70.0,22924.0,899432.0,0.014285714285714285,0.052172395742453324,0.0339414208077987,13
2002,huancavelica,1.0,201.0,5336.0,70.0,22924.0,899432.0,0.014285714285714285,0.008768103297853777,0.005932633039518274,14
2002,puno,1.0,79.0,4928.0,70.0,22924.0,899432.0,0.014285714285714285,0.003446169952887803,0.005479013421803983,15
2003,lima_provincia,19.0,15840.0,468774.0,73.0,39136.0,889600.0,0.2602739726027397,0.40474243663123466,0.526949190647482,1
2003,lambayeque,13.0,3294.0,56064.0,73.0,39136.0,889600.0,0.1780821917808219,0.08416802943581357,0.06302158273381295,2
2003,piura,11.0,1531.0,17584.0,73.0,39136.0,889600.0,0.1506849315068493,0.03911999182338512,0.019766187050359714,3
2003,callao,6.0,2007.0,12894.0,73.0,39136.0,889600.0,0.0821917808219178,0.051282706459525755,0.014494154676258994,4
2003,la_libertad,6.0,6336.0,90888.0,73.0,39136.0,889600.0,0.0821917808219178,0.16189697465249386,0.10216726618705035,5
2003,ancash,4.0,372.0,5006.0,73.0,39136.0,889600.0,0.0547945205479452,0.009505314799672935,0.005627248201438849,6
2003,cusco,4.0,664.0,6286.0,73.0,39136.0,889600.0,0.0547945205479452,0.0169664758789861,0.007066097122302158,7
2003,arequipa,3.0,1075.0,19520.0,73.0,39136.0,889600.0,0.0410958904109589,0.027468315617334423,0.02194244604316547,8
2003,ica,2.0,1911.0,74656.0,73.0,39136.0,889600.0,0.0273972602739726,0.048829721995094034,0.08392086330935251,9
2003,ayacucho,1.0,3732.0,84208.0,73.0,39136.0,889600.0,0.0136986301369863,0.09535977105478333,0.09465827338129497,10
2003,junin,1.0,266.0,2128.0,73.0,39136.0,889600.0,0.0136986301369863,0.006796811120196239,0.0023920863309352517,11
2003,moquegua,1.0,323.0,2584.0,73.0,39136.0,889600.0,0.0136986301369863,0.008253270645952576,0.0029046762589928056,12
2003,pasco,1.0,1155.0,31656.0,73.0,39136.0,889600.0,0.0136986301369863,0.029512469337694195,0.03558453237410072,13
2003,tacna,1.0,76.0,1616.0,73.0,39136.0,889600.0,0.0136986301369863,0.0019419460343417824,0.001816546762589928,14
2003,apurimac,0.0,201.0,6032.0,73.0,39136.0,889600.0,0.0,0.005135936222403925,0.006780575539568345,15
2003,huanuco,0.0,48.0,384.0,73.0,39136.0,889600.0,0.0,0.0012264922322158627,0.0004316546762589928,16
2003,loreto,0.0,268.0,8576.0,73.0,39136.0,889600.0,0.0,0.006847914963205233,0.009640287769784173,17
2003,san_martin,0.0,19.0,600.0,73.0,39136.0,889600.0,0.0,0.0004854865085854456,0.0006744604316546763,18
2003,ucayali,0.0,18.0,144.0,73.0,39136.0,889600.0,0.0,0.0004599345870809485,0.0001618705035971223,19
2004,lima_provincia,35.0,9034.0,187440.0,120.0,33038.0,630216.0,0.2916666666666667,0.2734427023427568,0.29742183632278457,1
2004,callao,14.0,3883.0,48880.0,120.0,33038.0,630216.0,0.11666666666666667,0.1175313275622011,0.0775607093440979,2
2004,piura,13.0,1467.0,20152.0,120.0,33038.0,630216.0,0.10833333333333334,0.04440341425025728,0.031976338271322846,3
2004,junin,10.0,4629.0,68360.0,120.0,33038.0,630216.0,0.08333333333333333,0.14011138688782615,0.108470746537695,4
2004,lambayeque,10.0,4663.0,135400.0,120.0,33038.0,630216.0,0.08333333333333333,0.14114050487317634,0.21484697310128592,5
2004,ancash,9.0,2674.0,37176.0,120.0,33038.0,630216.0,0.075,0.08093710273018948,0.058989298907041396,6
2004,ica,7.0,2593.0,81368.0,120.0,33038.0,630216.0,0.058333333333333334,0.07848538047097282,0.1291112888279574,7
2004,arequipa,6.0,670.0,6208.0,120.0,33038.0,630216.0,0.05,0.020279677946606938,0.009850590908513906,8
2004,la_libertad,5.0,616.0,6472.0,120.0,33038.0,630216.0,0.041666666666666664,0.0186451964404625,0.01026949490333473,9
2004,pasco,3.0,894.0,13416.0,120.0,33038.0,630216.0,0.025,0.027059749379502392,0.021287939373167294,10
2004,tacna,3.0,749.0,8584.0,120.0,33038.0,630216.0,0.025,0.022670863853744172,0.013620726861901316,11
2004,tumbes,3.0,92.0,760.0,120.0,33038.0,630216.0,0.025,0.00278467219565349,0.0012059357426660066,12
2004,moquegua,2.0,872.0,13920.0,120.0,33038.0,630216.0,0.016666666666666666,0.02639384950662873,0.022087665181461595,13
2004,apurimac,0.0,3.0,24.0,120.0,33038.0,630216.0,0.0,9.080452811913555e-05,3.808218134734758e-05,14
2004,ayacucho,0.0,5.0,40.0,120.0,33038.0,630216.0,0.0,0.00015134088019855925,6.34703022455793e-05,15
2004,cajamarca,0.0,6.0,48.0,120.0,33038.0,630216.0,0.0,0.0001816090562382711,7.616436269469516e-05,16
2004,cusco,0.0,135.0,1464.0,120.0,33038.0,630216.0,0.0,0.004086203765361099,0.002323013062188202,17
2004,huancavelica,0.0,9.0,72.0,120.0,33038.0,630216.0,0.0,0.00027241358435740664,0.00011424654404204273,18
2004,huanuco,0.0,17.0,176.0,120.0,33038.0,630216.0,0.0,0.0005145589926751014,0.0002792693298805489,19
2004,loreto,0.0,6.0,48.0,120.0,33038.0,630216.0,0.0,0.0001816090562382711,7.616436269469516e-05,20
2004,puno,0.0,7.0,64.0,120.0,33038.0,630216.0,0.0,0.00021187723227798292,0.00010155248359292687,21
2004,ucayali,0.0,14.0,144.0,120.0,33038.0,630216.0,0.0,0.00042375446455596583,0.00022849308808408546,22
2005,lima_provincia,21.0,5831.0,142048.0,68.0,20573.0,521498.0,0.3088235294117647,0.28342973800612453,0.2723845537279146,1
2005,piura,13.0,1333.0,25224.0,68.0,20573.0,521498.0,0.19117647058823528,0.0647936615952948,0.048368354241051736,2
2005,la_libertad,5.0,638.0,14448.0,68.0,20573.0,521498.0,0.07352941176470588,0.031011519953336897,0.02770480423702488,3
2005,lambayeque,5.0,4836.0,64528.0,68.0,20573.0,521498.0,0.07352941176470588,0.23506537695037186,0.123735853253512,4
2005,ancash,4.0,445.0,7606.0,68.0,20573.0,521498.0,0.058823529411764705,0.021630292130462258,0.014584907324668552,5
2005,junin,4.0,1267.0,45344.0,68.0,20573.0,521498.0,0.058823529411764705,0.06158557332425995,0.08694951850246789,6
2005,callao,3.0,1575.0,44176.0,68.0,20573.0,521498.0,0.04411764705882353,0.07655665192242259,0.08470981672029423,7
2005,ica,3.0,922.0,40960.0,68.0,20573.0,521498.0,0.04411764705882353,0.044816020998395954,0.07854296660773387,8
2005,pasco,3.0,1315.0,61592.0,68.0,20573.0,521498.0,0.04411764705882353,0.06391872843046711,0.1181059179517467,9
2005,arequipa,2.0,614.0,20264.0,68.0,20573.0,521498.0,0.029411764705882353,0.029844942400233315,0.03885729187839647,10
2005,cajamarca,2.0,112.0,3104.0,68.0,20573.0,521498.0,0.029411764705882353,0.005444028581150051,0.005952084188242333,11
2005,moquegua,1.0,836.0,14888.0,68.0,20573.0,521498.0,0.014705882352941176,0.04063578476644145,0.028548527511131395,12
2005,tacna,1.0,118.0,3844.0,68.0,20573.0,521498.0,0.014705882352941176,0.0057356729694259465,0.007371073331057837,13
2005,tumbes,1.0,62.0,1120.0,68.0,20573.0,521498.0,0.014705882352941176,0.003013658678850921,0.002147659243180223,14
2005,apurimac,0.0,26.0,1456.0,68.0,20573.0,521498.0,0.0,0.0012637923491955476,0.00279195701613429,15
2005,ayacucho,0.0,42.0,2352.0,68.0,20573.0,521498.0,0.0,0.002041510717931269,0.004510084410678469,16
2005,cusco,0.0,292.0,15168.0,68.0,20573.0,521498.0,0.0,0.014193360229426919,0.02908544232192645,17
2005,huancavelica,0.0,22.0,1232.0,68.0,20573.0,521498.0,0.0,0.0010693627570116172,0.0023624251674982453,18
2005,huanuco,0.0,89.0,2872.0,68.0,20573.0,521498.0,0.0,0.004326058426092451,0.005507211916440715,19
2005,loreto,0.0,134.0,5592.0,68.0,20573.0,521498.0,0.0,0.006513391338161668,0.010722955792735543,20
2005,puno,0.0,24.0,1440.0,68.0,20573.0,521498.0,0.0,0.0011665775531035823,0.002761276169803144,21
2005,san_martin,0.0,12.0,672.0,68.0,20573.0,521498.0,0.0,0.0005832887765517911,0.0012885955459081338,22
2005,ucayali,0.0,28.0,1568.0,68.0,20573.0,521498.0,0.0,0.0013610071452875127,0.0030067229404523122,23
2006,lima_provincia,16.0,6898.0,57936.0,74.0,22515.0,471872.0,0.21621621621621623,0.30637352875860535,0.12277905872779059,1
2006,piura,15.0,2668.0,33966.0,74.0,22515.0,471872.0,0.20270270270270271,0.11849877859204974,0.07198138478231385,2
2006,callao,7.0,2950.0,25288.0,74.0,22515.0,471872.0,0.0945945945945946,0.1310237619364868,0.053590804285908046,3
2006,ica,7.0,1774.0,104240.0,74.0,22515.0,471872.0,0.0945945945945946,0.07879191650011104,0.22090736470907366,4
2006,ancash,6.0,1590.0,57346.0,74.0,22515.0,471872.0,0.08108108108108109,0.07061958694203864,0.12152871965278719,5
2006,arequipa,5.0,1226.0,17992.0,74.0,22515.0,471872.0,0.06756756756756757,0.05445258716411281,0.038128984131289845,6
2006,la_libertad,5.0,2577.0,131544.0,74.0,22515.0,471872.0,0.06756756756756757,0.11445702864756829,0.27877051403770514,7
2006,lambayeque,4.0,914.0,7312.0,74.0,22515.0,471872.0,0.05405405405405406,0.04059515878303353,0.015495727654957277,8
2006,moquegua,3.0,451.0,9240.0,74.0,22515.0,471872.0,0.04054054054054054,0.020031090384188318,0.019581581445815816,9
2006,loreto,2.0,191.0,2416.0,74.0,22515.0,471872.0,0.02702702702702703,0.008483233399955586,0.005120032551200326,10
2006,cajamarca,1.0,101.0,808.0,74.0,22515.0,471872.0,0.013513513513513514,0.004485898290028869,0.0017123287671232876,11
2006,huancavelica,1.0,947.0,15152.0,74.0,22515.0,471872.0,0.013513513513513514,0.04206084832334,0.03211040282110403,12
2006,junin,1.0,170.0,8168.0,74.0,22515.0,471872.0,0.013513513513513514,0.007550521874306018,0.01730977892309779,13
2006,tacna,1.0,58.0,464.0,74.0,22515.0,471872.0,0.013513513513513514,0.0025760604041749945,0.000983317509833175,14
2007,lima_provincia,23.0,19033.0,1263544.0,79.0,49990.0,2291336.0,0.2911392405063291,0.3807361472294459,0.5514442229336946,1
2007,ancash,10.0,1476.0,30968.0,79.0,49990.0,2291336.0,0.12658227848101267,0.02952590518103621,0.013515259219948537,2
2007,piura,8.0,705.0,10160.0,79.0,49990.0,2291336.0,0.10126582278481013,0.014102820564112823,0.004434094344958574,3
2007,callao,6.0,1894.0,74816.0,79.0,49990.0,2291336.0,0.0759493670886076,0.0378875775155031,0.032651693160671326,4
2007,moquegua,6.0,5950.0,246768.0,79.0,49990.0,2291336.0,0.0759493670886076,0.11902380476095219,0.10769612138944266,5
2007,ica,5.0,3460.0,133840.0,79.0,49990.0,2291336.0,0.06329113924050633,0.0692138427685537,0.058411337315871614,6
2007,lambayeque,4.0,632.0,10088.0,79.0,49990.0,2291336.0,0.05063291139240506,0.01264252850570114,0.00440267162912816,7
2007,arequipa,3.0,1626.0,39584.0,79.0,49990.0,2291336.0,0.0379746835443038,0.03252650530106021,0.01727551088098821,8
2007,la_libertad,3.0,907.0,7256.0,79.0,49990.0,2291336.0,0.0379746835443038,0.01814362872574515,0.0031667114731318323,9
2007,pasco,3.0,5173.0,70368.0,79.0,49990.0,2291336.0,0.0379746835443038,0.10348069613922785,0.030710467604925684,10
2007,huanuco,2.0,3713.0,212152.0,79.0,49990.0,2291336.0,0.02531645569620253,0.0742748549709942,0.0925887779007531,11
2007,junin,2.0,1713.0,43592.0,79.0,49990.0,2291336.0,0.02531645569620253,0.03426685337067414,0.019024708728881318,12
2007,tacna,2.0,2024.0,107728.0,79.0,49990.0,2291336.0,0.02531645569620253,0.040488097619523905,0.047015365708041074,13
2007,tumbes,2.0,452.0,11040.0,79.0,49990.0,2291336.0,0.02531645569620253,0.009041808361672335,0.004818149760663647,14
2007,ayacucho,0.0,45.0,360.0,79.0,49990.0,2291336.0,0.0,0.0009001800360072014,0.00015711357915207546,15
2007,cajamarca,0.0,109.0,1744.0,79.0,49990.0,2291336.0,0.0,0.0021804360872174433,0.0007611280056700545,16
2007,huancavelica,0.0,448.0,11968.0,79.0,49990.0,2291336.0,0.0,0.008961792358471695,0.0052231536535889975,17
2007,loreto,0.0,0.0,0.0,79.0,49990.0,2291336.0,0.0,0.0,0.0,18
2007,puno,0.0,630.0,15360.0,79.0,49990.0,2291336.0,0.0,0.01260252050410082,0.006703512710488553,19
2008,lima_provincia,21.0,18498.0,850080.0,68.0,34789.0,1530824.0,0.3088235294117647,0.5317197964873954,0.5553087748820243,1
2008,arequipa,10.0,2895.0,123856.0,68.0,34789.0,1530824.0,0.14705882352941177,0.08321595906752134,0.08090805997292962,2
2008,junin,10.0,3751.0,147192.0,68.0,34789.0,1530824.0,0.14705882352941177,0.10782143781080226,0.09615213767226016,3
2008,callao,5.0,876.0,10648.0,68.0,34789.0,1530824.0,0.07352941176470588,0.02518037310644169,0.0069557310311309465,4
2008,huanuco,5.0,2450.0,106800.0,68.0,34789.0,1530824.0,0.07352941176470588,0.07042455948719423,0.06976634805830063,5
2008,pasco,4.0,1246.0,110336.0,68.0,34789.0,1530824.0,0.058823529411764705,0.03581591882491592,0.07207621516255298,6
2008,lambayeque,3.0,180.0,1440.0,68.0,34789.0,1530824.0,0.04411764705882353,0.005174049268446923,0.0009406698614602332,7
2008,huancavelica,2.0,1380.0,22080.0,68.0,34789.0,1530824.0,0.029411764705882353,0.03966771105809307,0.014423604542390242,8
2008,ica,2.0,798.0,44928.0,68.0,34789.0,1530824.0,0.029411764705882353,0.022938285090114693,0.029348899677559274,9
2008,la_libertad,2.0,1831.0,101048.0,68.0,34789.0,1530824.0,0.029411764705882353,0.05263157894736842,0.06600889455613447,10
2008,tumbes,2.0,517.0,7200.0,68.0,34789.0,1530824.0,0.029411764705882353,0.014861019287705885,0.004703349307301166,11
2008,ayacucho,1.0,57.0,2736.0,68.0,34789.0,1530824.0,0.014705882352941176,0.0016384489350081922,0.001787272736774443,12
2008,piura,1.0,310.0,2480.0,68.0,34789.0,1530824.0,0.014705882352941176,0.008910862628991923,0.0016200425391815127,13
2009,lima_provincia,24.0,5180.0,133792.0,104.0,39804.0,1506002.0,0.23076923076923078,0.13013767460556727,0.08883919144861693,1
2009,lambayeque,12.0,3232.0,39072.0,104.0,39804.0,1506002.0,0.11538461538461539,0.08119786956084815,0.02594418865313592,2
2009,piura,11.0,3371.0,107842.0,104.0,39804.0,1506002.0,0.10576923076923077,0.08468998090644156,0.07160813863461005,3
2009,ancash,10.0,2176.0,65712.0,104.0,39804.0,1506002.0,0.09615384615384616,0.054667872575620544,0.04363340818936495,4
2009,arequipa,10.0,3858.0,192960.0,104.0,39804.0,1506002.0,0.09615384615384616,0.09692493216762134,0.12812731988403733,5
2009,la_libertad,9.0,4713.0,60448.0,104.0,39804.0,1506002.0,0.08653846153846154,0.11840518540850166,0.04013806090562961,6
2009,junin,6.0,1263.0,31544.0,104.0,39804.0,1506002.0,0.057692307692307696,0.03173047934880917,0.020945523312718043,7
2009,huanuco,4.0,3540.0,423680.0,104.0,39804.0,1506002.0,0.038461538461538464,0.08893578534820622,0.28132764763924617,8
2009,ica,4.0,3817.0,242024.0,104.0,39804.0,1506002.0,0.038461538461538464,0.09589488493618732,0.16070629388274385,9
2009,pasco,4.0,1618.0,47624.0,104.0,39804.0,1506002.0,0.038461538461538464,0.040649180986835495,0.03162279996972116,10
2009,callao,3.0,1326.0,17200.0,104.0,39804.0,1506002.0,0.028846153846153848,0.033313234850768765,0.011420967568436163,11
2009,apurimac,2.0,1217.0,38944.0,104.0,39804.0,1506002.0,0.019230769230769232,0.0305748166013466,0.025859195406114997,12
2009,ayacucho,2.0,1800.0,50400.0,104.0,39804.0,1506002.0,0.019230769230769232,0.045221585770274346,0.033466091014487366,13
2009,otros,2.0,2364.0,36336.0,104.0,39804.0,1506002.0,0.019230769230769232,0.05939101597829364,0.024127457998063748,14
2009,huancavelica,1.0,329.0,18424.0,104.0,39804.0,1506002.0,0.009615384615384616,0.008265500954677922,0.012233715493073715,15
2010,lima_provincia,36.0,12533.0,305268.0,83.0,30514.0,1276884.0,0.43373493975903615,0.4107295012125582,0.2390726174029904,1
2010,arequipa,13.0,5151.0,167904.0,83.0,30514.0,1276884.0,0.1566265060240964,0.16880776037228812,0.13149510840452225,2
2010,pasco,7.0,1810.0,50960.0,83.0,30514.0,1276884.0,0.08433734939759036,0.05931703480369666,0.03990965506655264,3
2010,huancavelica,5.0,1370.0,84080.0,83.0,30514.0,1276884.0,0.060240963855421686,0.04489742413318477,0.06584779823382547,4
2010,junin,5.0,2155.0,83992.0,83.0,30514.0,1276884.0,0.060240963855421686,0.07062332044307532,0.06577888046212499,5
2010,ica,4.0,2785.0,165936.0,83.0,30514.0,1276884.0,0.04819277108433735,0.09126958117585371,0.12995385641922055,6
2010,piura,4.0,1552.0,181192.0,83.0,30514.0,1276884.0,0.04819277108433735,0.05086189945598742,0.14190169193129526,7
2010,ancash,3.0,337.0,7880.0,83.0,30514.0,1276884.0,0.03614457831325301,0.011044110899914793,0.0061712731931796464,8
2010,la_libertad,3.0,2073.0,203280.0,83.0,30514.0,1276884.0,0.03614457831325301,0.06793602936357082,0.15920005262811657,9
2010,cusco,1.0,94.0,2880.0,83.0,30514.0,1276884.0,0.012048192771084338,0.0030805531887002687,0.0022554907101976374,10
2010,lambayeque,1.0,556.0,9168.0,83.0,30514.0,1276884.0,0.012048192771084338,0.01822114439273776,0.007179978760795813,11
2010,san_martin,1.0,98.0,14344.0,83.0,30514.0,1276884.0,0.012048192771084338,0.003211640558432195,0.011233596787178788,12
2011,lima_metropolitana,27.0,9020.0,543184.0,84.0,26770.0,1799416.0,0.32142857142857145,0.3369443406798655,0.30186682790416447,1
2011,arequipa,12.0,4274.0,427240.0,84.0,26770.0,1799416.0,0.14285714285714285,0.15965633171460591,0.23743258924006455,2
2011,junin,8.0,2408.0,46640.0,84.0,26770.0,1799416.0,0.09523809523809523,0.08995143817706387,0.025919520555558025,3
2011,pasco,7.0,1104.0,44168.0,84.0,26770.0,1799416.0,0.08333333333333333,0.041240194247291743,0.024545741507244572,4
2011,ancash,6.0,1139.0,67880.0,84.0,26770.0,1799416.0,0.07142857142857142,0.04254762794172581,0.03772335024252313,5
2011,lima_provincia,6.0,2920.0,312528.0,84.0,26770.0,1799416.0,0.07142857142857142,0.10907732536421368,0.1736830171566775,6
2011,callao,5.0,573.0,19080.0,84.0,26770.0,1799416.0,0.05952380952380952,0.021404557340306312,0.010603440227273738,7
2011,piura,4.0,1148.0,54672.0,84.0,26770.0,1799416.0,0.047619047619047616,0.04288382517743743,0.030383190990854812,8
2011,lambayeque,3.0,447.0,15736.0,84.0,26770.0,1799416.0,0.03571428571428571,0.016697796040343667,0.008745059508195992,9
2011,ica,2.0,1306.0,224128.0,84.0,26770.0,1799416.0,0.023809523809523808,0.04878595442659694,0.1245559670470864,10
2011,cusco,1.0,1779.0,23224.0,84.0,26770.0,1799416.0,0.011904761904761904,0.06645498692566305,0.012906409635126063,11
2011,huancavelica,1.0,350.0,8400.0,84.0,26770.0,1799416.0,0.011904761904761904,0.01307433694434068,0.004668181232133092,12
2011,la_libertad,1.0,209.0,10600.0,84.0,26770.0,1799416.0,0.011904761904761904,0.007807246918192006,0.005890800126263187,13
2011,san_martin,1.0,85.0,1360.0,84.0,26770.0,1799416.0,0.011904761904761904,0.003175196115054165,0.0007558007709167863,14
2011,tacna,0.0,3.0,216.0,84.0,26770.0,1799416.0,0.0,0.00011206574523720583,0.00012003894596913666,15
2011,ucayali,0.0,5.0,360.0,84.0,26770.0,1799416.0,0.0,0.00018677624206200972,0.0002000649099485611,16
2012,lima_metropolitana,30.0,5964.0,304258.0,89.0,25820.0,1876902.0,0.33707865168539325,0.23098373353989154,0.1621064925073339,1
2012,arequipa,13.0,2865.0,222032.0,89.0,25820.0,1876902.0,0.14606741573033707,0.11096049573973664,0.11829706612279171,2
2012,junin,10.0,3062.0,44510.0,89.0,25820.0,1876902.0,0.11235955056179775,0.11859024012393493,0.02371461056570881,3
2012,pasco,8.0,1726.0,433804.0,89.0,25820.0,1876902.0,0.0898876404494382,0.06684740511231603,0.23112767741736115,4
2012,lima_provincia,7.0,2057.0,203068.0,89.0,25820.0,1876902.0,0.07865168539325842,0.07966692486444617,0.10819318216934075,5
2012,la_libertad,6.0,2905.0,89142.0,89.0,25820.0,1876902.0,0.06741573033707865,0.11250968241673122,0.047494221861343854,6
2012,ancash,4.0,869.0,40626.0,89.0,25820.0,1876902.0,0.0449438202247191,0.033656080557707205,0.021645243065434423,7
2012,lambayeque,4.0,721.0,43984.0,89.0,25820.0,1876902.0,0.0449438202247191,0.027924089852827266,0.023434361517010477,8
2012,moquegua,3.0,341.0,5592.0,89.0,25820.0,1876902.0,0.033707865168539325,0.013206816421378775,0.0029793777192416012,9
2012,ica,2.0,1791.0,309638.0,89.0,25820.0,1876902.0,0.02247191011235955,0.06936483346243222,0.16497291813850695,10
2012,huancavelica,1.0,627.0,21058.0,89.0,25820.0,1876902.0,0.011235955056179775,0.024283501161890007,0.01121955221956181,11
2012,tacna,1.0,686.0,16874.0,89.0,25820.0,1876902.0,0.011235955056179775,0.02656855151045701,0.008990346858813086,12
2012,apurimac,0.0,80.0,9110.0,89.0,25820.0,1876902.0,0.0,0.003098373353989156,0.004853743029737301,13
2012,ayacucho,0.0,77.0,1096.0,89.0,25820.0,1876902.0,0.0,0.0029821843532145623,0.00058394098359957,14
2012,cajamarca,0.0,19.0,1772.0,89.0,25820.0,1876902.0,0.0,0.0007358636715724245,0.0009441089625350711,15
2012,callao,0.0,387.0,35938.0,89.0,25820.0,1876902.0,0.0,0.014988381099922541,0.019147510099088817,16
2012,cusco,0.0,656.0,26280.0,89.0,25820.0,1876902.0,0.0,0.025406661502711078,0.01400179657755173,17
2012,huanuco,0.0,35.0,5360.0,89.0,25820.0,1876902.0,0.0,0.0013555383423702555,0.002855769773808116,18
2012,loreto,0.0,61.0,984.0,89.0,25820.0,1876902.0,0.0,0.0023625096824167312,0.0005242681823558182,19
2012,piura,0.0,182.0,19552.0,89.0,25820.0,1876902.0,0.0,0.007048799380325329,0.010417166159980649,20
2012,puno,0.0,126.0,11814.0,89.0,25820.0,1876902.0,0.0,0.00487993803253292,0.006294414945479306,21
2012,san_martin,0.0,363.0,12032.0,89.0,25820.0,1876902.0,0.0,0.014058869093725794,0.006410563790757323,22
2012,tumbes,0.0,122.0,8276.0,89.0,25820.0,1876902.0,0.0,0.0047250193648334625,0.00440939377761865,23
2012,ucayali,0.0,98.0,10102.0,89.0,25820.0,1876902.0,0.0,0.003795507358636716,0.005382273555039101,24
2013,lima_metropolitana,24.0,5730.0,197042.0,94.0,26707.0,1570714.0,0.2553191489361702,0.21455049238027482,0.12544740799407147,1
2013,arequipa,13.0,2265.0,246702.0,94.0,26707.0,1570714.0,0.13829787234042554,0.08480922604560602,0.15706360292198326,2
2013,la_libertad,9.0,3074.0,78648.0,94.0,26707.0,1570714.0,0.09574468085106383,0.11510090987381585,0.05007149614761185,3
2013,callao,8.0,821.0,21974.0,94.0,26707.0,1570714.0,0.0851063829787234,0.03074100423110046,0.013989816096374006,4
2013,lima_provincia,7.0,5377.0,336630.0,94.0,26707.0,1570714.0,0.07446808510638298,0.20133298386190887,0.21431654648777562,5
2013,pasco,6.0,1177.0,79538.0,94.0,26707.0,1570714.0,0.06382978723404255,0.04407084285018909,0.05063811744213141,6
2013,lambayeque,5.0,1666.0,28632.0,94.0,26707.0,1570714.0,0.05319148936170213,0.062380649267982174,0.01822865270189226,7
2013,ica,4.0,1294.0,216118.0,94.0,26707.0,1570714.0,0.0425531914893617,0.04845171677837271,0.1375922032909874,8
2013,ancash,2.0,293.0,13902.0,94.0,26707.0,1570714.0,0.02127659574468085,0.010970906503912832,0.008850751951023547,9
2013,cusco,2.0,604.0,17764.0,94.0,26707.0,1570714.0,0.02127659574468085,0.022615793612161605,0.011309506377354502,10
2013,huancavelica,2.0,1335.0,186760.0,94.0,26707.0,1570714.0,0.02127659574468085,0.049986894821582355,0.11890134040952076,11
2013,junin,2.0,1220.0,27054.0,94.0,26707.0,1570714.0,0.02127659574468085,0.045680907627213836,0.017224014047114877,12
2013,piura,2.0,332.0,12256.0,94.0,26707.0,1570714.0,0.02127659574468085,0.012431197813307373,0.007802820882732312,13
2013,san_martin,2.0,322.0,10036.0,94.0,26707.0,1570714.0,0.02127659574468085,0.01205676414423185,0.006389450912132954,14
2013,tacna,2.0,515.0,8082.0,94.0,26707.0,1570714.0,0.02127659574468085,0.01928333395738945,0.005145430676749554,15
2013,ayacucho,1.0,175.0,6952.0,94.0,26707.0,1570714.0,0.010638297872340425,0.006552589208821657,0.004426012628651684,16
2013,cajamarca,1.0,18.0,1120.0,94.0,26707.0,1570714.0,0.010638297872340425,0.0006739806043359419,0.0007130515166987752,17
2013,huanuco,1.0,214.0,71810.0,94.0,26707.0,1570714.0,0.010638297872340425,0.008012880518216197,0.04571806197690986,18
2013,puno,1.0,220.0,6890.0,94.0,26707.0,1570714.0,0.010638297872340425,0.008237540719661512,0.004386540133977287,19
2013,apurimac,0.0,25.0,1504.0,94.0,26707.0,1570714.0,0.0,0.0009360841726888081,0.0009575263224240695,20
2013,moquegua,0.0,18.0,988.0,94.0,26707.0,1570714.0,0.0,0.0006739806043359419,0.0006290133022307053,21
2013,tumbes,0.0,3.0,72.0,94.0,26707.0,1570714.0,0.0,0.00011233010072265698,4.583902607349269e-05,22
2013,ucayali,0.0,9.0,240.0,94.0,26707.0,1570714.0,0.0,0.00033699030216797094,0.00015279675357830899,23
2014,lima_metropolitana,43.0,10971.0,828640.0,95.0,40671.0,3151698.0,0.45263157894736844,0.2697499446780261,0.26291859181939387,1
2014,arequipa,8.0,4988.0,370064.0,95.0,40671.0,3151698.0,0.08421052631578947,0.12264266922377123,0.11741734138232787,2
2014,junin,8.0,2128.0,174472.0,95.0,40671.0,3151698.0,0.08421052631578947,0.05232229352609968,0.05535809585816915,3
2014,ancash,6.0,4501.0,523006.0,95.0,40671.0,3151698.0,0.06315789473684211,0.11066853532000688,0.16594419896830218,4
2014,huanuco,6.0,1381.0,101192.0,95.0,40671.0,3151698.0,0.06315789473684211,0.033955398195274274,0.032107137168599274,5
2014,ica,5.0,3183.0,200460.0,95.0,40671.0,3151698.0,0.05263157894736842,0.0782621523935974,0.06360380975588398,6
2014,lima_provincia,5.0,2959.0,195396.0,95.0,40671.0,3151698.0,0.05263157894736842,0.0727545425487448,0.061997056824606926,7
2014,callao,3.0,1155.0,131708.0,95.0,40671.0,3151698.0,0.031578947368421054,0.028398613262521206,0.04178953694167398,8
2014,huancavelica,2.0,1383.0,149536.0,95.0,40671.0,3151698.0,0.021052631578947368,0.034004573283174744,0.0474461702866201,9
2014,la_libertad,2.0,3314.0,186316.0,95.0,40671.0,3151698.0,0.021052631578947368,0.08148312065107817,0.05911607013108489,10
2014,lambayeque,2.0,1783.0,144664.0,95.0,40671.0,3151698.0,0.021052631578947368,0.04383959086326867,0.04590033689776114,11
2014,pasco,2.0,224.0,5840.0,95.0,40671.0,3151698.0,0.021052631578947368,0.005507609844852598,0.0018529694152168133,12
2014,piura,2.0,213.0,6552.0,95.0,40671.0,3151698.0,0.021052631578947368,0.0052371468614000145,0.002078879385017219,13
2014,cusco,1.0,1660.0,26560.0,95.0,40671.0,3151698.0,0.010526315789473684,0.04081532295738979,0.00842720336783537,14
2014,moquegua,0.0,94.0,3244.0,95.0,40671.0,3151698.0,0.0,0.0023112291313220723,0.0010292864354389285,15
2014,puno,0.0,120.0,1920.0,95.0,40671.0,3151698.0,0.0,0.0029505052740281773,0.0006091954241808701,16
2014,san_martin,0.0,173.0,30640.0,95.0,40671.0,3151698.0,0.0,0.004253645103390622,0.009721743644219719,17
2014,tacna,0.0,441.0,71488.0,95.0,40671.0,3151698.0,0.0,0.010843106882053552,0.02268237629366773,18
2015,lima_metropolitana,23.0,16836.0,458744.0,47.0,32066.0,1925632.0,0.48936170212765956,0.5250421006673736,0.23823035761765488,1
2015,piura,7.0,1336.0,10688.0,47.0,32066.0,1925632.0,0.14893617021276595,0.04166406786003867,0.005550385535761765,2
2015,ica,5.0,2524.0,230800.0,47.0,32066.0,1925632.0,0.10638297872340426,0.0787126551487557,0.1198567535229992,3
2015,lambayeque,4.0,1796.0,26656.0,47.0,32066.0,1925632.0,0.0851063829787234,0.056009480446578934,0.013842727997872907,4
2015,arequipa,2.0,185.0,4040.0,47.0,32066.0,1925632.0,0.0425531914893617,0.005769350714152062,0.002098012496676416,5
2015,callao,1.0,602.0,96016.0,47.0,32066.0,1925632.0,0.02127659574468085,0.018773779080646168,0.04986207125764424,6
2015,cusco,1.0,51.0,408.0,47.0,32066.0,1925632.0,0.02127659574468085,0.0015904696563338115,0.00021187848976336081,7
2015,huancavelica,1.0,683.0,32784.0,47.0,32066.0,1925632.0,0.02127659574468085,0.021299819123058693,0.017025059824514757,8
2015,la_libertad,1.0,3000.0,288000.0,47.0,32066.0,1925632.0,0.02127659574468085,0.09355703860787126,0.1495612868917841,9
2015,lima_provincia,1.0,2500.0,520000.0,47.0,32066.0,1925632.0,0.02127659574468085,0.07796419883989272,0.27004121244349905,10
2015,san_martin,1.0,755.0,181200.0,47.0,32066.0,1925632.0,0.02127659574468085,0.0235451880496476,0.09409897633608083,11
2015,huanuco,0.0,889.0,35424.0,47.0,32066.0,1925632.0,0.0,0.027724069107465853,0.018396038287689445,12
2015,loreto,0.0,209.0,1672.0,47.0,32066.0,1925632.0,0.0,0.006517807023015031,0.0008682863600106355,13
2015,puno,0.0,700.0,39200.0,47.0,32066.0,1925632.0,0.0,0.021829975675169963,0.02035695293804839,14
2016,lima_metropolitana,17.0,8218.0,980520.0,41.0,20226.0,3017672.0,0.4146341463414634,0.40630871155937903,0.32492596942278684,1
2016,junin,7.0,1963.0,127592.0,41.0,20226.0,3017672.0,0.17073170731707318,0.09705329773558785,0.04228159985578287,2
2016,lambayeque,5.0,2095.0,171240.0,41.0,20226.0,3017672.0,0.12195121951219512,0.1035795510728765,0.056745729820868535,3
2016,la_libertad,4.0,3547.0,1033200.0,41.0,20226.0,3017672.0,0.0975609756097561,0.17536833778305153,0.3423831350789615,4
2016,arequipa,2.0,641.0,46256.0,41.0,20226.0,3017672.0,0.04878048780487805,0.03169188173637892,0.015328372334700392,5
2016,lima_provincia,2.0,685.0,6640.0,41.0,20226.0,3017672.0,0.04878048780487805,0.03386729951547513,0.0022003716772399386,6
2016,piura,2.0,357.0,46512.0,41.0,20226.0,3017672.0,0.04878048780487805,0.01765054879857609,0.015413205941533739,7
2016,ica,1.0,840.0,168000.0,41.0,20226.0,3017672.0,0.024390243902439025,0.041530703055473156,0.05567205448438399,8
2016,pasco,1.0,365.0,30224.0,41.0,20226.0,3017672.0,0.024390243902439025,0.01804607930386631,0.010015667706762033,9
2016,apurimac,0.0,187.0,49952.0,41.0,20226.0,3017672.0,0.0,0.009245525561158905,0.01655315753335684,10
2016,ayacucho,0.0,125.0,32000.0,41.0,20226.0,3017672.0,0.0,0.006180164145159695,0.01060420085416838,11
2016,huancavelica,0.0,213.0,54528.0,41.0,20226.0,3017672.0,0.0,0.01053099970335212,0.018069558255502917,12
2016,loreto,0.0,289.0,82672.0,41.0,20226.0,3017672.0,0.0,0.014288539503609216,0.027395952906744007,13
2016,moquegua,0.0,155.0,39680.0,41.0,20226.0,3017672.0,0.0,0.007663403539998022,0.01314920905916879,14
2016,tacna,0.0,172.0,43920.0,41.0,20226.0,3017672.0,0.0,0.00850390586373974,0.0145542656723461,15
2016,tumbes,0.0,216.0,60576.0,41.0,20226.0,3017672.0,0.0,0.010679323642835954,0.02007375221694074,16
2016,ucayali,0.0,158.0,44160.0,41.0,20226.0,3017672.0,0.0,0.007811727479481855,0.014633797178752362,17
2017,lima_metropolitana,25.0,47950.0,2022846.0,45.0,56610.0,3000806.0,0.5555555555555556,0.8470234940823176,0.6741008915604674,1
2017,arequipa,4.0,1310.0,277776.0,45.0,56610.0,3000806.0,0.08888888888888889,0.0231407878466702,0.09256713029766003,2
2017,cusco,2.0,685.0,5480.0,45.0,56610.0,3000806.0,0.044444444444444446,0.012100335629747395,0.001826176034038855,3
2017,ica,2.0,979.0,158216.0,45.0,56610.0,3000806.0,0.044444444444444446,0.017293764352587882,0.05272450135063713,4
2017,junin,2.0,664.0,18592.0,45.0,56610.0,3000806.0,0.044444444444444446,0.011729376435258789,0.00619566876365883,5
2017,pasco,2.0,405.0,23160.0,45.0,56610.0,3000806.0,0.044444444444444446,0.007154213036565978,0.007717926450426986,6
2017,piura,2.0,105.0,4920.0,45.0,56610.0,3000806.0,0.044444444444444446,0.0018547959724430313,0.0016395595050129866,7
2017,ancash,1.0,225.0,1800.0,45.0,56610.0,3000806.0,0.022222222222222223,0.00397456279809221,0.000599838843297434,8
2017,huancavelica,1.0,320.0,25592.0,45.0,56610.0,3000806.0,0.022222222222222223,0.005652711535064477,0.008528375376482185,9
2017,la_libertad,1.0,45.0,1800.0,45.0,56610.0,3000806.0,0.022222222222222223,0.000794912559618442,0.000599838843297434,10
2017,lambayeque,1.0,672.0,5376.0,45.0,56610.0,3000806.0,0.022222222222222223,0.0118706942236354,0.0017915186786483365,11
2017,lima_provincia,1.0,250.0,16000.0,45.0,56610.0,3000806.0,0.022222222222222223,0.004416180886769122,0.005331900829310525,12
2017,moquegua,1.0,3000.0,411720.0,45.0,56610.0,3000806.0,0.022222222222222223,0.052994170641229466,0.1372031380902331,13
2017,apurimac,0.0,0.0,4488.0,45.0,56610.0,3000806.0,0.0,0.0,0.0014955981826216024,14
2017,ayacucho,0.0,0.0,3000.0,45.0,56610.0,3000806.0,0.0,0.0,0.0009997314054957234,15
2017,loreto,0.0,0.0,6936.0,45.0,56610.0,3000806.0,0.0,0.0,0.0023113790095061126,16
2017,tacna,0.0,0.0,4128.0,45.0,56610.0,3000806.0,0.0,0.0,0.0013756304139621155,17
2017,tumbes,0.0,0.0,5184.0,45.0,56610.0,3000806.0,0.0,0.0,0.0017275358686966102,18
2017,ucayali,0.0,0.0,3792.0,45.0,56610.0,3000806.0,0.0,0.0,0.0012636604965465944,19
2018,lima_metropolitana,25.0,8924.0,177162.0,54.0,21496.0,738864.0,0.46296296296296297,0.4151470040937849,0.2397761969726499,1
2018,lima_provincia,5.0,1350.0,115800.0,54.0,21496.0,738864.0,0.09259259259259259,0.06280238183848158,0.15672708373936206,2
2018,arequipa,4.0,2862.0,44200.0,54.0,21496.0,738864.0,0.07407407407407407,0.13314104949758093,0.05982156391433335,3
2018,lambayeque,3.0,1115.0,39886.0,54.0,21496.0,738864.0,0.05555555555555555,0.05187011537030145,0.05398287100197059,4
2018,pasco,3.0,669.0,62616.0,54.0,21496.0,738864.0,0.05555555555555555,0.03112206922218087,0.08474631325927369,5
2018,ica,2.0,1154.0,118804.0,54.0,21496.0,738864.0,0.037037037037037035,0.05368440640119092,0.16079278459906018,6
2018,la_libertad,2.0,586.0,38624.0,54.0,21496.0,738864.0,0.037037037037037035,0.027260885746185338,0.05227484354360207,7
2018,ancash,1.0,492.0,3712.0,54.0,21496.0,738864.0,0.018518518518518517,0.022887979158913285,0.005023928625565733,8
2018,ayacucho,1.0,406.0,39272.0,54.0,21496.0,738864.0,0.018518518518518517,0.018887234834387794,0.05315186556659954,9
2018,cajamarca,1.0,204.0,3654.0,54.0,21496.0,738864.0,0.018518518518518517,0.009490137700037217,0.004945429740791269,10
2018,callao,1.0,1408.0,10270.0,54.0,21496.0,738864.0,0.018518518518518517,0.06550055824339412,0.013899716321271573,11
2018,cusco,1.0,181.0,14348.0,54.0,21496.0,738864.0,0.018518518518518517,0.008420171194640863,0.019418999978345137,12
2018,huancavelica,1.0,586.0,42192.0,54.0,21496.0,738864.0,0.018518518518518517,0.027260885746185338,0.05710387838627948,13
2018,piura,1.0,226.0,1892.0,54.0,21496.0,738864.0,0.018518518518518517,0.010513583922590249,0.002560687758504948,14
2018,puno,1.0,165.0,990.0,54.0,21496.0,738864.0,0.018518518518518517,0.0076758466691477486,0.0013398947573572404,15
2018,tumbes,1.0,80.0,1220.0,54.0,21496.0,738864.0,0.018518518518518517,0.003721622627465575,0.0016511834383594274,16
2018,ucayali,1.0,267.0,17814.0,54.0,21496.0,738864.0,0.018518518518518517,0.012420915519166357,0.024109985058143314,17
2018,huanuco,0.0,206.0,1386.0,54.0,21496.0,738864.0,0.0,0.009583178265723856,0.0018758526603001365,18
2018,junin,0.0,329.0,1974.0,54.0,21496.0,738864.0,0.0,0.015305173055452178,0.002671668940427467,19
2018,loreto,0.0,45.0,540.0,54.0,21496.0,738864.0,0.0,0.002093412727949386,0.000730851685831222,20
2018,moquegua,0.0,64.0,384.0,54.0,21496.0,738864.0,0.0,0.00297729810197246,0.000519716754368869,21
2018,san_martin,0.0,20.0,240.0,54.0,21496.0,738864.0,0.0,0.0009304056568663938,0.0003248229714805431,22
2018,tacna,0.0,157.0,1884.0,54.0,21496.0,738864.0,0.0,0.007303684406401191,0.0025498603261222635,23
2019,lima_metropolitana,27.0,90315.0,1262168.0,67.0,110154.0,2085856.0,0.40298507462686567,0.8198975979083828,0.605107926913459,1
2019,lambayeque,20.0,10655.0,108880.0,67.0,110154.0,2085856.0,0.29850746268656714,0.09672821686003232,0.052199193041130354,2
2019,lima_provincia,4.0,2209.0,341664.0,67.0,110154.0,2085856.0,0.05970149253731343,0.0200537429416998,0.16380037739901507,3
2019,junin,3.0,1129.0,63272.0,67.0,110154.0,2085856.0,0.04477611940298507,0.010249287361330501,0.0303338293726892,4
2019,arequipa,2.0,231.0,7888.0,67.0,110154.0,2085856.0,0.029850746268656716,0.002097064110245656,0.003781660862494822,5
2019,ica,2.0,969.0,119816.0,67.0,110154.0,2085856.0,0.029850746268656716,0.008796775423498012,0.05744212448030928,6
2019,callao,1.0,975.0,15600.0,67.0,110154.0,2085856.0,0.014925373134328358,0.00885124462116673,0.007478943896414709,7
2019,cusco,1.0,177.0,2832.0,67.0,110154.0,2085856.0,0.014925373134328358,0.001606841331227191,0.0013577159688875934,8
2019,huancavelica,1.0,571.0,31976.0,67.0,110154.0,2085856.0,0.014925373134328358,0.005183651978139695,0.015329917309727997,9
2019,la_libertad,1.0,989.0,55384.0,67.0,110154.0,2085856.0,0.014925373134328358,0.008978339415727073,0.026552168510194377,10
2019,pasco,1.0,319.0,15312.0,67.0,110154.0,2085856.0,0.014925373134328358,0.0028959456760535253,0.007340871086019361,11
2019,piura,1.0,465.0,22320.0,67.0,110154.0,2085856.0,0.014925373134328358,0.004221362819325672,0.010700642805639508,12
2019,puno,1.0,948.0,7584.0,67.0,110154.0,2085856.0,0.014925373134328358,0.008606133231657497,0.0036359173404108434,13
2019,tumbes,1.0,52.0,1664.0,67.0,110154.0,2085856.0,0.014925373134328358,0.0004720663797955589,0.000797754015617569,14
2019,ucayali,1.0,150.0,29496.0,67.0,110154.0,2085856.0,0.014925373134328358,0.0013617299417179585,0.014140956997990273,15
2020,lima_metropolitana,12.0,123545.0,3457176.0,23.0,127868.0,3653184.0,0.5217391304347826,0.966191697688241,0.9463459820255427,1
2020,lambayeque,3.0,2567.0,126856.0,23.0,127868.0,3653184.0,0.13043478260869565,0.020075390246191385,0.034724777071179554,2
2020,junin,2.0,309.0,24400.0,23.0,127868.0,3653184.0,0.08695652173913043,0.0024165545719022742,0.006679105131304638,3
2020,lima_provincia,2.0,878.0,21072.0,23.0,127868.0,3653184.0,0.08695652173913043,0.006866456032783809,0.005768118988805382,4
2020,huanuco,1.0,187.0,13464.0,23.0,127868.0,3653184.0,0.043478260869565216,0.0014624456470735446,0.0036855521101592475,5
2020,pasco,1.0,189.0,4536.0,23.0,127868.0,3653184.0,0.043478260869565216,0.0014780867769887697,0.0012416565932622063,6
2020,san_martin,1.0,31.0,496.0,23.0,127868.0,3653184.0,0.043478260869565216,0.00024243751368598868,0.00013577197316094674,7
2020,ucayali,1.0,162.0,5184.0,23.0,127868.0,3653184.0,0.043478260869565216,0.0012669315231332312,0.0014190361065853786,8
2021,lima_metropolitana,18.0,203333.0,2594288.0,38.0,209142.0,3027240.0,0.47368421052631576,0.9722246129424028,0.8569812766744626,1
2021,junin,5.0,1224.0,68824.0,38.0,209142.0,3027240.0,0.13157894736842105,0.005852483001979517,0.022734900437362086,2
2021,lima_provincia,3.0,1246.0,24760.0,38.0,209142.0,3027240.0,0.07894736842105263,0.005957674689923593,0.008179067401329263,3
2021,arequipa,2.0,434.0,62496.0,38.0,209142.0,3027240.0,0.05263157894736842,0.0020751451167149593,0.020644547508621713,4
2021,ica,2.0,1562.0,187440.0,38.0,209142.0,3027240.0,0.05263157894736842,0.007468609844029415,0.06191778649859278,5
2021,pasco,2.0,590.0,12064.0,38.0,209142.0,3027240.0,0.05263157894736842,0.002821049813045682,0.003985148187788216,6
2021,apurimac,1.0,72.0,36288.0,38.0,209142.0,3027240.0,0.02631578947368421,0.0003442637059987951,0.011987156617909382,7
2021,huanuco,1.0,143.0,13728.0,38.0,209142.0,3027240.0,0.02631578947368421,0.0006837459716364958,0.0045348237998969355,8
2021,loreto,1.0,75.0,6000.0,38.0,209142.0,3027240.0,0.02631578947368421,0.00035860802708207823,0.0019820034090458636,9
2021,moquegua,1.0,30.0,480.0,38.0,209142.0,3027240.0,0.02631578947368421,0.00014344321083283127,0.0001585602727236691,10
2021,tumbes,1.0,350.0,5600.0,38.0,209142.0,3027240.0,0.02631578947368421,0.0016735041263830316,0.0018498698484428059,11
2021,ucayali,1.0,83.0,15272.0,38.0,209142.0,3027240.0,0.02631578947368421,0.0003968595499708332,0.005044859343824738,12
2022,lima_metropolitana,26.0,24282.0,1758896.0,41.0,29145.0,2122932.0,0.6341463414634146,0.8331446217189913,0.8285220628828431,1
2022,ica,3.0,670.0,142576.0,41.0,29145.0,2122932.0,0.07317073170731707,0.022988505747126436,0.06715994671520331,2
2022,junin,3.0,1035.0,94960.0,41.0,29145.0,2122932.0,0.07317073170731707,0.035512094698919194,0.04473058958082501,3
2022,ancash,2.0,1300.0,59500.0,41.0,29145.0,2122932.0,0.04878048780487805,0.04460456338994682,0.028027275485036734,4
2022,la_libertad,2.0,161.0,10584.0,41.0,29145.0,2122932.0,0.04878048780487805,0.005524103619831875,0.004985557709808887,5
2022,lima_provincia,2.0,1168.0,45680.0,41.0,29145.0,2122932.0,0.04878048780487805,0.040075484645736834,0.021517410826159294,6
2022,loreto,1.0,284.0,6816.0,41.0,29145.0,2122932.0,0.024390243902439025,0.009744381540572998,0.0032106539446388298,7
2022,san_martin,1.0,76.0,1216.0,41.0,29145.0,2122932.0,0.024390243902439025,0.0026076513981815063,0.0005727927225177255,8
2022,ucayali,1.0,169.0,2704.0,41.0,29145.0,2122932.0,0.024390243902439025,0.0057985932406930864,0.0012737101329670475,9
2023,lima_metropolitana,38.0,74320.0,1311672.0,55.0,77883.0,1462009.0,0.6909090909090909,0.9542518906564975,0.897170947648065,1
2023,apurimac,3.0,1314.0,21024.0,55.0,77883.0,1462009.0,0.05454545454545454,0.016871461037710412,0.014380212433712788,2
2023,cajamarca,3.0,146.0,28648.0,55.0,77883.0,1462009.0,0.05454545454545454,0.0018746067819678236,0.019594954613822487,3
2023,ica,2.0,1167.0,76849.0,55.0,77883.0,1462009.0,0.03636363636363636,0.014984014483263357,0.05256397190441372,4
2023,lima_provincia,2.0,77.0,5192.0,55.0,77883.0,1462009.0,0.03636363636363636,0.0009886624809008384,0.0035512777281124807,5
2023,ancash,1.0,38.0,4256.0,55.0,77883.0,1462009.0,0.01818181818181818,0.00048791135421080337,0.002911062790995131,6
2023,arequipa,1.0,23.0,2944.0,55.0,77883.0,1462009.0,0.01818181818181818,0.0002953147670223284,0.0020136674945229476,7
2023,ayacucho,1.0,104.0,832.0,55.0,77883.0,1462009.0,0.01818181818181818,0.0013353363378400935,0.0005690799441043112,8
2023,callao,1.0,270.0,4320.0,55.0,77883.0,1462009.0,0.01818181818181818,0.0034667385693925505,0.002954838171310847,9
2023,lambayeque,1.0,200.0,3200.0,55.0,77883.0,1462009.0,0.01818181818181818,0.0025679544958463335,0.0021887690157858125,10
2023,moquegua,1.0,160.0,2560.0,55.0,77883.0,1462009.0,0.01818181818181818,0.0020543635966770667,0.00175101521262865,11
2023,ucayali,1.0,64.0,512.0,55.0,77883.0,1462009.0,0.01818181818181818,0.0008217454386708268,0.00035020304252573,12
2024,lima_metropolitana,42.0,72555.0,2158020.0,63.0,76704.0,2295516.0,0.6666666666666666,0.9459089486858573,0.9401023560715761,1
2024,cajamarca,6.0,2725.0,39032.0,63.0,76704.0,2295516.0,0.09523809523809523,0.035526178556528995,0.01700358437928553,2
2024,pasco,3.0,521.0,8912.0,63.0,76704.0,2295516.0,0.047619047619047616,0.0067923445974134335,0.003882351506153736,3
2024,ancash,2.0,126.0,1136.0,63.0,76704.0,2295516.0,0.031746031746031744,0.0016426783479349186,0.0004948778401021818,4
2024,arequipa,2.0,147.0,1176.0,63.0,76704.0,2295516.0,0.031746031746031744,0.0019164580725907383,0.0005123031161621178,5
2024,ica,2.0,287.0,15928.0,63.0,76704.0,2295516.0,0.031746031746031744,0.0037416562369628702,0.006938744927066507,6
2024,lima_provincia,2.0,122.0,37088.0,63.0,76704.0,2295516.0,0.031746031746031744,0.0015905298289528578,0.01615671596277264,7
2024,tumbes,2.0,146.0,18224.0,63.0,76704.0,2295516.0,0.031746031746031744,0.0019034209428452232,0.007938955772906832,8
2024,apurimac,1.0,25.0,1200.0,63.0,76704.0,2295516.0,0.015873015873015872,0.00032592824363788066,0.0005227582817980793,9
2024,junin,1.0,50.0,14800.0,63.0,76704.0,2295516.0,0.015873015873015872,0.0006518564872757613,0.006447352142176312,10
